,Unnamed: 0,id,departLane,type,route,depart
0,0,0,0,Human_vehicle,E01,0
1,1,1,0,Auto_vehicle,E01,2
2,2,2,0,Human_vehicle,E01,20
3,3,3,0,Human_vehicle,E01,26
4,4,4,0,Auto_vehicle,E01,30
5,5,5,0,Auto_vehicle,E01,30
6,6,6,0,Human_vehicle,E01,31
7,7,7,0,Auto_vehicle,E01,34
8,8,8,0,Human_vehicle,E01,34
9,9,9,0,Human_vehicle,E01,34
10,10,10,0,Human_vehicle,E01,42
11,11,11,0,Human_vehicle,E01,48
12,12,12,0,Auto_vehicle,E01,48
13,13,13,0,Auto_vehicle,E01,53
14,14,14,0,Human_vehicle,E01,56
15,15,15,0,Human_vehicle,E01,61
16,16,16,0,Auto_vehicle,E01,62
17,17,17,0,Human_vehicle,E01,62
18,18,18,0,Auto_vehicle,E01,68
19,19,19,0,Auto_vehicle,E01,70
20,20,20,0,Auto_vehicle,E01,71
21,21,21,0,Human_vehicle,E01,81
22,22,22,0,Auto_vehicle,E01,82
23,23,23,0,Auto_vehicle,E01,83
24,24,24,0,Auto_vehicle,E01,91
25,25,25,0,Auto_vehicle,E01,95
26,26,26,0,Auto_vehicle,E01,95
27,27,27,0,Auto_vehicle,E01,98
28,28,28,0,Auto_vehicle,E01,99
29,29,29,0,Human_vehicle,E01,99
30,30,30,0,Auto_vehicle,E01,105
31,31,31,0,Human_vehicle,E01,108
32,32,32,0,Human_vehicle,E01,112
33,33,33,0,Auto_vehicle,E01,114
34,34,34,0,Auto_vehicle,E01,122
35,35,35,0,Auto_vehicle,E01,124
36,36,36,0,Auto_vehicle,E01,135
37,37,37,0,Auto_vehicle,E01,143
38,38,38,0,Human_vehicle,E01,143
39,39,39,0,Auto_vehicle,E01,144
40,40,40,0,Human_vehicle,E01,144
41,41,41,0,Auto_vehicle,E01,144
42,42,42,0,Auto_vehicle,E01,144
43,43,43,0,Human_vehicle,E01,148
44,44,44,0,Auto_vehicle,E01,149
45,45,45,0,Auto_vehicle,E01,157
46,46,46,0,Auto_vehicle,E01,161
47,47,47,0,Auto_vehicle,E01,163
48,48,48,0,Human_vehicle,E01,164
49,49,49,0,Auto_vehicle,E01,164
50,50,50,0,Auto_vehicle,E01,166
51,51,51,0,Auto_vehicle,E01,167
52,52,52,0,Auto_vehicle,E01,182
53,53,53,0,Human_vehicle,E01,189
54,54,54,0,Auto_vehicle,E01,191
55,55,55,0,Auto_vehicle,E01,193
56,56,56,0,Human_vehicle,E01,194
57,57,57,0,Auto_vehicle,E01,206
58,58,58,0,Human_vehicle,E01,209
59,59,59,0,Auto_vehicle,E01,215
60,60,60,0,Auto_vehicle,E01,215
61,61,61,0,Human_vehicle,E01,233
62,62,62,0,Auto_vehicle,E01,234
63,63,63,0,Auto_vehicle,E01,234
64,64,64,0,Human_vehicle,E01,240
65,65,65,0,Human_vehicle,E01,256
66,66,66,0,Human_vehicle,E01,257
67,67,67,0,Auto_vehicle,E01,261
68,68,68,0,Auto_vehicle,E01,261
69,69,69,0,Auto_vehicle,E01,264
70,70,70,0,Auto_vehicle,E01,271
71,71,71,0,Auto_vehicle,E01,272
72,72,72,0,Human_vehicle,E01,278
73,73,73,0,Human_vehicle,E01,280
74,74,74,0,Auto_vehicle,E01,281
75,75,75,0,Human_vehicle,E01,284
76,76,76,0,Human_vehicle,E01,289
77,77,77,0,Auto_vehicle,E01,291
78,78,78,0,Human_vehicle,E01,296
79,79,79,0,Auto_vehicle,E01,299
80,80,80,0,Human_vehicle,E01,300
81,81,81,0,Human_vehicle,E01,300
82,82,82,0,Auto_vehicle,E01,302
83,83,83,0,Auto_vehicle,E01,302
84,84,84,0,Human_vehicle,E01,302
85,85,85,0,Auto_vehicle,E01,314
86,86,86,0,Human_vehicle,E01,320
87,87,87,0,Auto_vehicle,E01,321
88,88,88,0,Human_vehicle,E01,325
89,89,89,0,Human_vehicle,E01,331
90,90,90,0,Auto_vehicle,E01,337
91,91,91,0,Auto_vehicle,E01,338
92,92,92,0,Auto_vehicle,E01,340
93,93,93,0,Human_vehicle,E01,343
94,94,94,0,Human_vehicle,E01,344
95,95,95,0,Human_vehicle,E01,348
96,96,96,0,Human_vehicle,E01,351
97,97,97,0,Human_vehicle,E01,358
98,98,98,0,Human_vehicle,E01,367
99,99,99,0,Auto_vehicle,E01,371
100,100,100,0,Human_vehicle,E01,374
101,101,101,0,Auto_vehicle,E01,380
102,102,102,0,Human_vehicle,E01,389
103,103,103,0,Human_vehicle,E01,400
104,104,104,0,Auto_vehicle,E01,400
105,105,105,0,Auto_vehicle,E01,400
106,106,106,0,Auto_vehicle,E01,400
107,107,107,0,Human_vehicle,E01,400
108,108,108,0,Auto_vehicle,E01,409
109,109,109,0,Auto_vehicle,E01,409
110,110,110,0,Human_vehicle,E01,412
111,111,111,0,Auto_vehicle,E01,413
112,112,112,0,Auto_vehicle,E01,413
113,113,113,0,Human_vehicle,E01,417
114,114,114,0,Human_vehicle,E01,424
115,115,115,0,Auto_vehicle,E01,425
116,116,116,0,Human_vehicle,E01,425
117,117,117,0,Auto_vehicle,E01,428
118,118,118,0,Auto_vehicle,E01,428
119,119,119,0,Human_vehicle,E01,429
120,120,120,0,Human_vehicle,E01,436
121,121,121,0,Auto_vehicle,E01,440
122,122,122,0,Human_vehicle,E01,440
123,123,123,0,Auto_vehicle,E01,442
124,124,124,0,Human_vehicle,E01,442
125,125,125,0,Auto_vehicle,E01,447
126,126,126,0,Human_vehicle,E01,447
127,127,127,0,Human_vehicle,E01,448
128,128,128,0,Human_vehicle,E01,448
129,129,129,0,Human_vehicle,E01,451
130,130,130,0,Human_vehicle,E01,451
131,131,131,0,Auto_vehicle,E01,459
132,132,132,0,Auto_vehicle,E01,460
133,133,133,0,Auto_vehicle,E01,460
134,134,134,0,Human_vehicle,E01,462
135,135,135,0,Auto_vehicle,E01,462
136,136,136,0,Auto_vehicle,E01,463
137,137,137,0,Auto_vehicle,E01,463
138,138,138,0,Human_vehicle,E01,464
139,139,139,0,Human_vehicle,E01,464
140,140,140,0,Auto_vehicle,E01,464
141,141,141,0,Auto_vehicle,E01,474
142,142,142,0,Human_vehicle,E01,476
143,143,143,0,Human_vehicle,E01,479
144,144,144,0,Human_vehicle,E01,482
145,145,145,0,Auto_vehicle,E01,482
146,146,146,0,Human_vehicle,E01,487
147,147,147,0,Auto_vehicle,E01,487
148,148,148,0,Auto_vehicle,E01,489
149,149,149,0,Auto_vehicle,E01,505
150,150,150,0,Auto_vehicle,E01,506
151,151,151,0,Auto_vehicle,E01,509
152,152,152,0,Human_vehicle,E01,513
153,153,153,0,Auto_vehicle,E01,513
154,154,154,0,Auto_vehicle,E01,524
155,155,155,0,Human_vehicle,E01,524
156,156,156,0,Auto_vehicle,E01,531
157,157,157,0,Auto_vehicle,E01,536
158,158,158,0,Human_vehicle,E01,537
159,159,159,0,Auto_vehicle,E01,544
160,160,160,0,Human_vehicle,E01,550
161,161,161,0,Human_vehicle,E01,552
162,162,162,0,Human_vehicle,E01,553
163,163,163,0,Auto_vehicle,E01,557
164,164,164,0,Auto_vehicle,E01,563
165,165,165,0,Human_vehicle,E01,565
166,166,166,0,Auto_vehicle,E01,567
167,167,167,0,Human_vehicle,E01,567
168,168,168,0,Auto_vehicle,E01,568
169,169,169,0,Auto_vehicle,E01,570
170,170,170,0,Human_vehicle,E01,570
171,171,171,0,Auto_vehicle,E01,570
172,172,172,0,Human_vehicle,E01,571
173,173,173,0,Human_vehicle,E01,572
174,174,174,0,Human_vehicle,E01,574
175,175,175,0,Auto_vehicle,E01,574
176,176,176,0,Auto_vehicle,E01,583
177,177,177,0,Human_vehicle,E01,584
178,178,178,0,Auto_vehicle,E01,587
179,179,179,0,Auto_vehicle,E01,587
180,180,180,0,Auto_vehicle,E01,592
181,181,181,0,Auto_vehicle,E01,592
182,182,182,0,Human_vehicle,E01,597
183,183,183,0,Auto_vehicle,E01,605
184,184,184,0,Auto_vehicle,E01,605
185,185,185,0,Auto_vehicle,E01,606
186,186,186,0,Auto_vehicle,E01,609
187,187,187,0,Auto_vehicle,E01,612
188,188,188,0,Auto_vehicle,E01,613
189,189,189,0,Human_vehicle,E01,614
190,190,190,0,Auto_vehicle,E01,615
191,191,191,0,Human_vehicle,E01,616
192,192,192,0,Human_vehicle,E01,616
193,193,193,0,Auto_vehicle,E01,622
194,194,194,0,Human_vehicle,E01,622
195,195,195,0,Human_vehicle,E01,622
196,196,196,0,Auto_vehicle,E01,624
197,197,197,0,Human_vehicle,E01,629
198,198,198,0,Human_vehicle,E01,629
199,199,199,0,Auto_vehicle,E01,633
200,200,200,0,Human_vehicle,E01,644
201,201,201,0,Human_vehicle,E01,648
202,202,202,0,Auto_vehicle,E01,648
203,203,203,0,Auto_vehicle,E01,648
204,204,204,0,Human_vehicle,E01,650
205,205,205,0,Human_vehicle,E01,651
206,206,206,0,Auto_vehicle,E01,652
207,207,207,0,Auto_vehicle,E01,657
208,208,208,0,Auto_vehicle,E01,657
209,209,209,0,Human_vehicle,E01,661
210,210,210,0,Auto_vehicle,E01,666
211,211,211,0,Human_vehicle,E01,676
212,212,212,0,Human_vehicle,E01,677
213,213,213,0,Auto_vehicle,E01,678
214,214,214,0,Auto_vehicle,E01,678
215,215,215,0,Auto_vehicle,E01,682
216,216,216,0,Human_vehicle,E01,684
217,217,217,0,Human_vehicle,E01,689
218,218,218,0,Human_vehicle,E01,690
219,219,219,0,Auto_vehicle,E01,690
220,220,220,0,Human_vehicle,E01,692
221,221,221,0,Auto_vehicle,E01,692
222,222,222,0,Auto_vehicle,E01,693
223,223,223,0,Human_vehicle,E01,693
224,224,224,0,Auto_vehicle,E01,696
225,225,225,0,Human_vehicle,E01,699
226,226,226,0,Auto_vehicle,E01,700
227,227,227,0,Auto_vehicle,E01,700
228,228,228,0,Human_vehicle,E01,702
229,229,229,0,Auto_vehicle,E01,712
230,230,230,0,Human_vehicle,E01,713
231,231,231,0,Human_vehicle,E01,713
232,232,232,0,Human_vehicle,E01,717
233,233,233,0,Auto_vehicle,E01,736
234,234,234,0,Auto_vehicle,E01,738
235,235,235,0,Auto_vehicle,E01,745
236,236,236,0,Auto_vehicle,E01,747
237,237,237,0,Human_vehicle,E01,749
238,238,238,0,Human_vehicle,E01,751
239,239,239,0,Human_vehicle,E01,754
240,240,240,0,Auto_vehicle,E01,754
241,241,241,0,Human_vehicle,E01,754
242,242,242,0,Auto_vehicle,E01,755
243,243,243,0,Human_vehicle,E01,755
244,244,244,0,Auto_vehicle,E01,755
245,245,245,0,Auto_vehicle,E01,757
246,246,246,0,Human_vehicle,E01,758
247,247,247,0,Human_vehicle,E01,759
248,248,248,0,Human_vehicle,E01,760
249,249,249,0,Auto_vehicle,E01,762
250,250,250,0,Human_vehicle,E01,762
251,251,251,0,Auto_vehicle,E01,762
252,252,252,0,Human_vehicle,E01,764
253,253,253,0,Auto_vehicle,E01,766
254,254,254,0,Auto_vehicle,E01,766
255,255,255,0,Human_vehicle,E01,767
256,256,256,0,Auto_vehicle,E01,768
257,257,257,0,Human_vehicle,E01,771
258,258,258,0,Auto_vehicle,E01,771
259,259,259,0,Human_vehicle,E01,771
260,260,260,0,Auto_vehicle,E01,775
261,261,261,0,Auto_vehicle,E01,786
262,262,262,0,Auto_vehicle,E01,787
263,263,263,0,Human_vehicle,E01,793
264,264,264,0,Auto_vehicle,E01,795
265,265,265,0,Auto_vehicle,E01,796
266,266,266,0,Human_vehicle,E01,797
267,267,267,0,Auto_vehicle,E01,799
268,268,268,0,Human_vehicle,E01,804
269,269,269,0,Auto_vehicle,E01,811
270,270,270,0,Human_vehicle,E01,812
271,271,271,0,Auto_vehicle,E01,813
272,272,272,0,Auto_vehicle,E01,814
273,273,273,0,Auto_vehicle,E01,819
274,274,274,0,Human_vehicle,E01,823
275,275,275,0,Auto_vehicle,E01,830
276,276,276,0,Human_vehicle,E01,830
277,277,277,0,Auto_vehicle,E01,832
278,278,278,0,Auto_vehicle,E01,833
279,279,279,0,Auto_vehicle,E01,836
280,280,280,0,Auto_vehicle,E01,837
281,281,281,0,Auto_vehicle,E01,840
282,282,282,0,Auto_vehicle,E01,842
283,283,283,0,Auto_vehicle,E01,842
284,284,284,0,Human_vehicle,E01,842
285,285,285,0,Auto_vehicle,E01,846
286,286,286,0,Auto_vehicle,E01,848
287,287,287,0,Human_vehicle,E01,849
288,288,288,0,Human_vehicle,E01,853
289,289,289,0,Auto_vehicle,E01,853
290,290,290,0,Auto_vehicle,E01,856
291,291,291,0,Auto_vehicle,E01,864
292,292,292,0,Human_vehicle,E01,864
293,293,293,0,Auto_vehicle,E01,864
294,294,294,0,Human_vehicle,E01,869
295,295,295,0,Auto_vehicle,E01,871
296,296,296,0,Auto_vehicle,E01,872
297,297,297,0,Human_vehicle,E01,873
298,298,298,0,Auto_vehicle,E01,874
299,299,299,0,Auto_vehicle,E01,881
300,300,300,0,Auto_vehicle,E01,881
301,301,301,0,Human_vehicle,E01,882
302,302,302,0,Auto_vehicle,E01,884
303,303,303,0,Auto_vehicle,E01,885
304,304,304,0,Auto_vehicle,E01,890
305,305,305,0,Auto_vehicle,E01,890
306,306,306,0,Human_vehicle,E01,890
307,307,307,0,Auto_vehicle,E01,891
308,308,308,0,Auto_vehicle,E01,894
309,309,309,0,Human_vehicle,E01,898
310,310,310,0,Human_vehicle,E01,899
311,311,311,0,Auto_vehicle,E01,902
312,312,312,0,Auto_vehicle,E01,903
313,313,313,0,Human_vehicle,E01,903
314,314,314,0,Auto_vehicle,E01,903
315,315,315,0,Human_vehicle,E01,907
316,316,316,0,Human_vehicle,E01,907
317,317,317,0,Human_vehicle,E01,912
318,318,318,0,Human_vehicle,E01,915
319,319,319,0,Human_vehicle,E01,920
320,320,320,0,Human_vehicle,E01,924
321,321,321,0,Auto_vehicle,E01,925
322,322,322,0,Auto_vehicle,E01,930
323,323,323,0,Human_vehicle,E01,933
324,324,324,0,Auto_vehicle,E01,933
325,325,325,0,Auto_vehicle,E01,937
326,326,326,0,Human_vehicle,E01,940
327,327,327,0,Auto_vehicle,E01,940
328,328,328,0,Human_vehicle,E01,944
329,329,329,0,Auto_vehicle,E01,945
330,330,330,0,Auto_vehicle,E01,950
331,331,331,0,Auto_vehicle,E01,953
332,332,332,0,Human_vehicle,E01,956
333,333,333,0,Auto_vehicle,E01,958
334,334,334,0,Auto_vehicle,E01,961
335,335,335,0,Human_vehicle,E01,964
336,336,336,0,Auto_vehicle,E01,967
337,337,337,0,Human_vehicle,E01,972
338,338,338,0,Auto_vehicle,E01,977
339,339,339,0,Auto_vehicle,E01,978
340,340,340,0,Auto_vehicle,E01,980
341,341,341,0,Auto_vehicle,E01,981
342,342,342,0,Auto_vehicle,E01,981
343,343,343,0,Auto_vehicle,E01,988
344,344,344,0,Human_vehicle,E01,993
345,345,345,0,Auto_vehicle,E01,993
346,346,346,0,Auto_vehicle,E01,995
347,347,347,0,Human_vehicle,E01,1003
348,348,348,0,Human_vehicle,E01,1008
349,349,349,0,Human_vehicle,E01,1008
350,350,350,0,Human_vehicle,E01,1009
351,351,351,0,Human_vehicle,E01,1010
352,352,352,0,Auto_vehicle,E01,1023
353,353,353,0,Auto_vehicle,E01,1023
354,354,354,0,Auto_vehicle,E01,1023
355,355,355,0,Auto_vehicle,E01,1024
356,356,356,0,Auto_vehicle,E01,1026
357,357,357,0,Auto_vehicle,E01,1031
358,358,358,0,Auto_vehicle,E01,1035
359,359,359,0,Human_vehicle,E01,1036
360,360,360,0,Auto_vehicle,E01,1037
361,361,361,0,Auto_vehicle,E01,1040
362,362,362,0,Auto_vehicle,E01,1041
363,363,363,0,Auto_vehicle,E01,1042
364,364,364,0,Human_vehicle,E01,1043
365,365,365,0,Auto_vehicle,E01,1044
366,366,366,0,Auto_vehicle,E01,1049
367,367,367,0,Auto_vehicle,E01,1051
368,368,368,0,Auto_vehicle,E01,1053
369,369,369,0,Human_vehicle,E01,1057
370,370,370,0,Auto_vehicle,E01,1062
371,371,371,0,Auto_vehicle,E01,1065
372,372,372,0,Auto_vehicle,E01,1072
373,373,373,0,Human_vehicle,E01,1073
374,374,374,0,Human_vehicle,E01,1073
375,375,375,0,Auto_vehicle,E01,1073
376,376,376,0,Auto_vehicle,E01,1077
377,377,377,0,Human_vehicle,E01,1079
378,378,378,0,Human_vehicle,E01,1080
379,379,379,0,Auto_vehicle,E01,1080
380,380,380,0,Auto_vehicle,E01,1084
381,381,381,0,Human_vehicle,E01,1090
382,382,382,0,Auto_vehicle,E01,1092
383,383,383,0,Auto_vehicle,E01,1095
384,384,384,0,Auto_vehicle,E01,1095
385,385,385,0,Auto_vehicle,E01,1095
386,386,386,0,Auto_vehicle,E01,1103
387,387,387,0,Auto_vehicle,E01,1107
388,388,388,0,Auto_vehicle,E01,1108
389,389,389,0,Auto_vehicle,E01,1112
390,390,390,0,Human_vehicle,E01,1112
391,391,391,0,Human_vehicle,E01,1113
392,392,392,0,Auto_vehicle,E01,1123
393,393,393,0,Human_vehicle,E01,1123
394,394,394,0,Human_vehicle,E01,1123
395,395,395,0,Human_vehicle,E01,1131
396,396,396,0,Human_vehicle,E01,1133
397,397,397,0,Auto_vehicle,E01,1138
398,398,398,0,Auto_vehicle,E01,1138
399,399,399,0,Auto_vehicle,E01,1145
400,400,400,0,Auto_vehicle,E01,1147
401,401,401,0,Auto_vehicle,E01,1147
402,402,402,0,Auto_vehicle,E01,1150
403,403,403,0,Auto_vehicle,E01,1152
404,404,404,0,Auto_vehicle,E01,1160
405,405,405,0,Auto_vehicle,E01,1165
406,406,406,0,Auto_vehicle,E01,1165
407,407,407,0,Human_vehicle,E01,1166
408,408,408,0,Human_vehicle,E01,1166
409,409,409,0,Auto_vehicle,E01,1170
410,410,410,0,Auto_vehicle,E01,1172
411,411,411,0,Auto_vehicle,E01,1174
412,412,412,0,Auto_vehicle,E01,1175
413,413,413,0,Auto_vehicle,E01,1179
414,414,414,0,Auto_vehicle,E01,1180
415,415,415,0,Human_vehicle,E01,1180
416,416,416,0,Human_vehicle,E01,1182
417,417,417,0,Human_vehicle,E01,1182
418,418,418,0,Human_vehicle,E01,1196
419,419,419,0,Human_vehicle,E01,1196
420,420,420,0,Human_vehicle,E01,1202
421,421,421,0,Auto_vehicle,E01,1211
422,422,422,0,Auto_vehicle,E01,1218
423,423,423,0,Human_vehicle,E01,1223
424,424,424,0,Human_vehicle,E01,1231
425,425,425,0,Auto_vehicle,E01,1232
426,426,426,0,Human_vehicle,E01,1233
427,427,427,0,Auto_vehicle,E01,1236
428,428,428,0,Auto_vehicle,E01,1241
429,429,429,0,Auto_vehicle,E01,1243
430,430,430,0,Auto_vehicle,E01,1243
431,431,431,0,Auto_vehicle,E01,1246
432,432,432,0,Human_vehicle,E01,1246
433,433,433,0,Auto_vehicle,E01,1247
434,434,434,0,Auto_vehicle,E01,1255
435,435,435,0,Auto_vehicle,E01,1255
436,436,436,0,Auto_vehicle,E01,1257
437,437,437,0,Auto_vehicle,E01,1257
438,438,438,0,Auto_vehicle,E01,1263
439,439,439,0,Auto_vehicle,E01,1266
440,440,440,0,Human_vehicle,E01,1267
441,441,441,0,Human_vehicle,E01,1268
442,442,442,0,Auto_vehicle,E01,1269
443,443,443,0,Human_vehicle,E01,1271
444,444,444,0,Human_vehicle,E01,1272
445,445,445,0,Human_vehicle,E01,1281
446,446,446,0,Human_vehicle,E01,1283
447,447,447,0,Human_vehicle,E01,1284
448,448,448,0,Auto_vehicle,E01,1286
449,449,449,0,Human_vehicle,E01,1290
450,450,450,0,Human_vehicle,E01,1292
451,451,451,0,Auto_vehicle,E01,1292
452,452,452,0,Auto_vehicle,E01,1296
453,453,453,0,Human_vehicle,E01,1297
454,454,454,0,Human_vehicle,E01,1298
455,455,455,0,Human_vehicle,E01,1300
456,456,456,0,Auto_vehicle,E01,1302
457,457,457,0,Human_vehicle,E01,1318
458,458,458,0,Human_vehicle,E01,1318
459,459,459,0,Auto_vehicle,E01,1318
460,460,460,0,Auto_vehicle,E01,1322
461,461,461,0,Auto_vehicle,E01,1325
462,462,462,0,Auto_vehicle,E01,1325
463,463,463,0,Human_vehicle,E01,1328
464,464,464,0,Auto_vehicle,E01,1332
465,465,465,0,Human_vehicle,E01,1336
466,466,466,0,Human_vehicle,E01,1340
467,467,467,0,Human_vehicle,E01,1340
468,468,468,0,Auto_vehicle,E01,1341
469,469,469,0,Auto_vehicle,E01,1341
470,470,470,0,Auto_vehicle,E01,1341
471,471,471,0,Auto_vehicle,E01,1342
472,472,472,0,Auto_vehicle,E01,1342
473,473,473,0,Auto_vehicle,E01,1343
474,474,474,0,Auto_vehicle,E01,1343
475,475,475,0,Human_vehicle,E01,1345
476,476,476,0,Human_vehicle,E01,1346
477,477,477,0,Human_vehicle,E01,1346
478,478,478,0,Auto_vehicle,E01,1352
479,479,479,0,Human_vehicle,E01,1353
480,480,480,0,Human_vehicle,E01,1356
481,481,481,0,Auto_vehicle,E01,1362
482,482,482,0,Auto_vehicle,E01,1370
483,483,483,0,Human_vehicle,E01,1372
484,484,484,0,Auto_vehicle,E01,1375
485,485,485,0,Auto_vehicle,E01,1381
486,486,486,0,Auto_vehicle,E01,1381
487,487,487,0,Auto_vehicle,E01,1382
488,488,488,0,Human_vehicle,E01,1386
489,489,489,0,Auto_vehicle,E01,1388
490,490,490,0,Auto_vehicle,E01,1399
491,491,491,0,Auto_vehicle,E01,1400
492,492,492,0,Auto_vehicle,E01,1404
493,493,493,0,Human_vehicle,E01,1405
494,494,494,0,Auto_vehicle,E01,1405
495,495,495,0,Auto_vehicle,E01,1414
496,496,496,0,Auto_vehicle,E01,1419
497,497,497,0,Auto_vehicle,E01,1419
498,498,498,0,Human_vehicle,E01,1419
499,499,499,0,Human_vehicle,E01,1426
500,500,500,0,Auto_vehicle,E01,1440
501,501,501,0,Auto_vehicle,E01,1442
502,502,502,0,Auto_vehicle,E01,1442
503,503,503,0,Auto_vehicle,E01,1443
504,504,504,0,Human_vehicle,E01,1449
505,505,505,0,Human_vehicle,E01,1454
506,506,506,0,Auto_vehicle,E01,1464
507,507,507,0,Human_vehicle,E01,1466
508,508,508,0,Human_vehicle,E01,1472
509,509,509,0,Auto_vehicle,E01,1475
510,510,510,0,Human_vehicle,E01,1481
511,511,511,0,Auto_vehicle,E01,1485
512,512,512,0,Auto_vehicle,E01,1487
513,513,513,0,Human_vehicle,E01,1487
514,514,514,0,Auto_vehicle,E01,1490
515,515,515,0,Human_vehicle,E01,1493
516,516,516,0,Human_vehicle,E01,1500
517,517,517,0,Human_vehicle,E01,1504
518,518,518,0,Human_vehicle,E01,1507
519,519,519,0,Auto_vehicle,E01,1508
520,520,520,0,Auto_vehicle,E01,1513
521,521,521,0,Auto_vehicle,E01,1513
522,522,522,0,Human_vehicle,E01,1518
523,523,523,0,Auto_vehicle,E01,1522
524,524,524,0,Human_vehicle,E01,1523
525,525,525,0,Human_vehicle,E01,1533
526,526,526,0,Auto_vehicle,E01,1537
527,527,527,0,Human_vehicle,E01,1537
528,528,528,0,Auto_vehicle,E01,1538
529,529,529,0,Human_vehicle,E01,1542
530,530,530,0,Auto_vehicle,E01,1544
531,531,531,0,Human_vehicle,E01,1549
532,532,532,0,Auto_vehicle,E01,1553
533,533,533,0,Auto_vehicle,E01,1554
534,534,534,0,Auto_vehicle,E01,1556
535,535,535,0,Auto_vehicle,E01,1558
536,536,536,0,Auto_vehicle,E01,1558
537,537,537,0,Auto_vehicle,E01,1560
538,538,538,0,Auto_vehicle,E01,1562
539,539,539,0,Auto_vehicle,E01,1564
540,540,540,0,Auto_vehicle,E01,1569
541,541,541,0,Auto_vehicle,E01,1570
542,542,542,0,Human_vehicle,E01,1571
543,543,543,0,Auto_vehicle,E01,1575
544,544,544,0,Auto_vehicle,E01,1582
545,545,545,0,Auto_vehicle,E01,1587
546,546,546,0,Auto_vehicle,E01,1587
547,547,547,0,Auto_vehicle,E01,1589
548,548,548,0,Human_vehicle,E01,1594
549,549,549,0,Human_vehicle,E01,1595
550,550,550,0,Human_vehicle,E01,1596
551,551,551,0,Auto_vehicle,E01,1599
552,552,552,0,Human_vehicle,E01,1601
553,553,553,0,Auto_vehicle,E01,1603
554,554,554,0,Auto_vehicle,E01,1604
555,555,555,0,Auto_vehicle,E01,1604
556,556,556,0,Human_vehicle,E01,1604
557,557,557,0,Human_vehicle,E01,1607
558,558,558,0,Auto_vehicle,E01,1608
559,559,559,0,Human_vehicle,E01,1609
560,560,560,0,Auto_vehicle,E01,1609
561,561,561,0,Auto_vehicle,E01,1611
562,562,562,0,Human_vehicle,E01,1612
563,563,563,0,Human_vehicle,E01,1613
564,564,564,0,Auto_vehicle,E01,1614
565,565,565,0,Auto_vehicle,E01,1629
566,566,566,0,Auto_vehicle,E01,1639
567,567,567,0,Auto_vehicle,E01,1639
568,568,568,0,Auto_vehicle,E01,1639
569,569,569,0,Auto_vehicle,E01,1644
570,570,570,0,Human_vehicle,E01,1647
571,571,571,0,Auto_vehicle,E01,1648
572,572,572,0,Auto_vehicle,E01,1650
573,573,573,0,Auto_vehicle,E01,1650
574,574,574,0,Auto_vehicle,E01,1657
575,575,575,0,Auto_vehicle,E01,1664
576,576,576,0,Human_vehicle,E01,1670
577,577,577,0,Auto_vehicle,E01,1670
578,578,578,0,Human_vehicle,E01,1672
579,579,579,0,Human_vehicle,E01,1673
580,580,580,0,Human_vehicle,E01,1675
581,581,581,0,Human_vehicle,E01,1676
582,582,582,0,Auto_vehicle,E01,1676
583,583,583,0,Human_vehicle,E01,1676
584,584,584,0,Human_vehicle,E01,1684
585,585,585,0,Auto_vehicle,E01,1688
586,586,586,0,Human_vehicle,E01,1689
587,587,587,0,Auto_vehicle,E01,1692
588,588,588,0,Human_vehicle,E01,1699
589,589,589,0,Human_vehicle,E01,1705
590,590,590,0,Auto_vehicle,E01,1705
591,591,591,0,Auto_vehicle,E01,1707
592,592,592,0,Human_vehicle,E01,1709
593,593,593,0,Auto_vehicle,E01,1713
594,594,594,0,Auto_vehicle,E01,1714
595,595,595,0,Auto_vehicle,E01,1720
596,596,596,0,Auto_vehicle,E01,1722
597,597,597,0,Human_vehicle,E01,1728
598,598,598,0,Human_vehicle,E01,1732
599,599,599,0,Auto_vehicle,E01,1736
600,600,600,0,Auto_vehicle,E01,1737
601,601,601,0,Auto_vehicle,E01,1741
602,602,602,0,Auto_vehicle,E01,1743
603,603,603,0,Auto_vehicle,E01,1743
604,604,604,0,Auto_vehicle,E01,1744
605,605,605,0,Human_vehicle,E01,1748
606,606,606,0,Auto_vehicle,E01,1748
607,607,607,0,Auto_vehicle,E01,1750
608,608,608,0,Auto_vehicle,E01,1750
609,609,609,0,Human_vehicle,E01,1754
610,610,610,0,Human_vehicle,E01,1756
611,611,611,0,Auto_vehicle,E01,1756
612,612,612,0,Human_vehicle,E01,1758
613,613,613,0,Auto_vehicle,E01,1764
614,614,614,0,Auto_vehicle,E01,1767
615,615,615,0,Auto_vehicle,E01,1768
616,616,616,0,Human_vehicle,E01,1770
617,617,617,0,Auto_vehicle,E01,1771
618,618,618,0,Auto_vehicle,E01,1771
619,619,619,0,Human_vehicle,E01,1784
620,620,620,0,Human_vehicle,E01,1791
621,621,621,0,Auto_vehicle,E01,1795
622,622,622,0,Auto_vehicle,E01,1799
623,623,623,0,Auto_vehicle,E01,1807
624,624,624,0,Human_vehicle,E01,1809
625,625,625,0,Auto_vehicle,E01,1809
626,626,626,0,Auto_vehicle,E01,1809
627,627,627,0,Human_vehicle,E01,1810
628,628,628,0,Auto_vehicle,E01,1810
629,629,629,0,Auto_vehicle,E01,1813
630,630,630,0,Auto_vehicle,E01,1818
631,631,631,0,Auto_vehicle,E01,1820
632,632,632,0,Auto_vehicle,E01,1825
633,633,633,0,Auto_vehicle,E01,1825
634,634,634,0,Auto_vehicle,E01,1828
635,635,635,0,Human_vehicle,E01,1828
636,636,636,0,Auto_vehicle,E01,1831
637,637,637,0,Auto_vehicle,E01,1832
638,638,638,0,Human_vehicle,E01,1839
639,639,639,0,Human_vehicle,E01,1842
640,640,640,0,Human_vehicle,E01,1842
641,641,641,0,Human_vehicle,E01,1843
642,642,642,0,Auto_vehicle,E01,1844
643,643,643,0,Auto_vehicle,E01,1846
644,644,644,0,Human_vehicle,E01,1847
645,645,645,0,Auto_vehicle,E01,1851
646,646,646,0,Human_vehicle,E01,1854
647,647,647,0,Auto_vehicle,E01,1858
648,648,648,0,Auto_vehicle,E01,1873
649,649,649,0,Auto_vehicle,E01,1873
650,650,650,0,Auto_vehicle,E01,1875
651,651,651,0,Auto_vehicle,E01,1879
652,652,652,0,Human_vehicle,E01,1880
653,653,653,0,Auto_vehicle,E01,1882
654,654,654,0,Human_vehicle,E01,1883
655,655,655,0,Auto_vehicle,E01,1884
656,656,656,0,Auto_vehicle,E01,1890
657,657,657,0,Human_vehicle,E01,1898
658,658,658,0,Human_vehicle,E01,1899
659,659,659,0,Auto_vehicle,E01,1900
660,660,660,0,Human_vehicle,E01,1902
661,661,661,0,Auto_vehicle,E01,1902
662,662,662,0,Auto_vehicle,E01,1906
663,663,663,0,Auto_vehicle,E01,1909
664,664,664,0,Auto_vehicle,E01,1910
665,665,665,0,Human_vehicle,E01,1911
666,666,666,0,Human_vehicle,E01,1914
667,667,667,0,Auto_vehicle,E01,1915
668,668,668,0,Auto_vehicle,E01,1916
669,669,669,0,Auto_vehicle,E01,1916
670,670,670,0,Auto_vehicle,E01,1933
671,671,671,0,Human_vehicle,E01,1933
672,672,672,0,Auto_vehicle,E01,1947
673,673,673,0,Auto_vehicle,E01,1975
674,674,674,0,Auto_vehicle,E01,1983
675,675,675,0,Auto_vehicle,E01,1984
676,676,676,0,Human_vehicle,E01,1986
677,677,677,0,Auto_vehicle,E01,2002
678,678,678,0,Auto_vehicle,E01,2002
679,679,679,0,Human_vehicle,E01,2002
680,680,680,0,Auto_vehicle,E01,2011
681,681,681,0,Human_vehicle,E01,2018
682,682,682,0,Human_vehicle,E01,2028
683,683,683,0,Auto_vehicle,E01,2028
684,684,684,0,Human_vehicle,E01,2031
685,685,685,0,Human_vehicle,E01,2035
686,686,686,0,Human_vehicle,E01,2035
687,687,687,0,Auto_vehicle,E01,2035
688,688,688,0,Auto_vehicle,E01,2036
689,689,689,0,Human_vehicle,E01,2037
690,690,690,0,Human_vehicle,E01,2037
691,691,691,0,Auto_vehicle,E01,2043
692,692,692,0,Auto_vehicle,E01,2044
693,693,693,0,Auto_vehicle,E01,2045
694,694,694,0,Auto_vehicle,E01,2052
695,695,695,0,Human_vehicle,E01,2059
696,696,696,0,Human_vehicle,E01,2060
697,697,697,0,Auto_vehicle,E01,2061
698,698,698,0,Human_vehicle,E01,2061
699,699,699,0,Auto_vehicle,E01,2063
700,700,700,0,Auto_vehicle,E01,2063
701,701,701,0,Human_vehicle,E01,2069
702,702,702,0,Human_vehicle,E01,2075
703,703,703,0,Human_vehicle,E01,2077
704,704,704,0,Auto_vehicle,E01,2084
705,705,705,0,Auto_vehicle,E01,2086
706,706,706,0,Auto_vehicle,E01,2095
707,707,707,0,Auto_vehicle,E01,2116
708,708,708,0,Human_vehicle,E01,2117
709,709,709,0,Auto_vehicle,E01,2118
710,710,710,0,Auto_vehicle,E01,2118
711,711,711,0,Auto_vehicle,E01,2121
712,712,712,0,Auto_vehicle,E01,2121
713,713,713,0,Human_vehicle,E01,2122
714,714,714,0,Auto_vehicle,E01,2123
715,715,715,0,Auto_vehicle,E01,2125
716,716,716,0,Auto_vehicle,E01,2129
717,717,717,0,Human_vehicle,E01,2129
718,718,718,0,Auto_vehicle,E01,2139
719,719,719,0,Human_vehicle,E01,2139
720,720,720,0,Human_vehicle,E01,2145
721,721,721,0,Human_vehicle,E01,2148
722,722,722,0,Human_vehicle,E01,2149
723,723,723,0,Human_vehicle,E01,2149
724,724,724,0,Auto_vehicle,E01,2152
725,725,725,0,Human_vehicle,E01,2157
726,726,726,0,Human_vehicle,E01,2160
727,727,727,0,Auto_vehicle,E01,2162
728,728,728,0,Auto_vehicle,E01,2164
729,729,729,0,Auto_vehicle,E01,2164
730,730,730,0,Auto_vehicle,E01,2165
731,731,731,0,Auto_vehicle,E01,2167
732,732,732,0,Human_vehicle,E01,2167
733,733,733,0,Auto_vehicle,E01,2167
734,734,734,0,Auto_vehicle,E01,2172
735,735,735,0,Auto_vehicle,E01,2174
736,736,736,0,Auto_vehicle,E01,2175
737,737,737,0,Auto_vehicle,E01,2176
738,738,738,0,Auto_vehicle,E01,2176
739,739,739,0,Auto_vehicle,E01,2176
740,740,740,0,Auto_vehicle,E01,2178
741,741,741,0,Human_vehicle,E01,2181
742,742,742,0,Auto_vehicle,E01,2185
743,743,743,0,Auto_vehicle,E01,2185
744,744,744,0,Auto_vehicle,E01,2189
745,745,745,0,Auto_vehicle,E01,2197
746,746,746,0,Auto_vehicle,E01,2206
747,747,747,0,Auto_vehicle,E01,2217
748,748,748,0,Auto_vehicle,E01,2219
749,749,749,0,Human_vehicle,E01,2220
750,750,750,0,Human_vehicle,E01,2220
751,751,751,0,Human_vehicle,E01,2221
752,752,752,0,Auto_vehicle,E01,2221
753,753,753,0,Auto_vehicle,E01,2221
754,754,754,0,Auto_vehicle,E01,2226
755,755,755,0,Human_vehicle,E01,2237
756,756,756,0,Auto_vehicle,E01,2237
757,757,757,0,Auto_vehicle,E01,2244
758,758,758,0,Human_vehicle,E01,2248
759,759,759,0,Auto_vehicle,E01,2257
760,760,760,0,Human_vehicle,E01,2257
761,761,761,0,Auto_vehicle,E01,2267
762,762,762,0,Auto_vehicle,E01,2276
763,763,763,0,Auto_vehicle,E01,2276
764,764,764,0,Auto_vehicle,E01,2276
765,765,765,0,Human_vehicle,E01,2294
766,766,766,0,Auto_vehicle,E01,2297
767,767,767,0,Human_vehicle,E01,2297
768,768,768,0,Human_vehicle,E01,2297
769,769,769,0,Human_vehicle,E01,2297
770,770,770,0,Human_vehicle,E01,2299
771,771,771,0,Human_vehicle,E01,2303
772,772,772,0,Auto_vehicle,E01,2305
773,773,773,0,Auto_vehicle,E01,2305
774,774,774,0,Human_vehicle,E01,2306
775,775,775,0,Auto_vehicle,E01,2308
776,776,776,0,Auto_vehicle,E01,2320
777,777,777,0,Auto_vehicle,E01,2320
778,778,778,0,Auto_vehicle,E01,2324
779,779,779,0,Auto_vehicle,E01,2324
780,780,780,0,Auto_vehicle,E01,2324
781,781,781,0,Auto_vehicle,E01,2326
782,782,782,0,Human_vehicle,E01,2327
783,783,783,0,Human_vehicle,E01,2327
784,784,784,0,Auto_vehicle,E01,2328
785,785,785,0,Human_vehicle,E01,2330
786,786,786,0,Human_vehicle,E01,2330
787,787,787,0,Auto_vehicle,E01,2333
788,788,788,0,Auto_vehicle,E01,2336
789,789,789,0,Auto_vehicle,E01,2350
790,790,790,0,Auto_vehicle,E01,2353
791,791,791,0,Human_vehicle,E01,2354
792,792,792,0,Human_vehicle,E01,2354
793,793,793,0,Auto_vehicle,E01,2358
794,794,794,0,Auto_vehicle,E01,2358
795,795,795,0,Auto_vehicle,E01,2361
796,796,796,0,Human_vehicle,E01,2362
797,797,797,0,Human_vehicle,E01,2377
798,798,798,0,Auto_vehicle,E01,2382
799,799,799,0,Human_vehicle,E01,2401
800,800,800,0,Human_vehicle,E01,2405
801,801,801,0,Auto_vehicle,E01,2406
802,802,802,0,Human_vehicle,E01,2407
803,803,803,0,Human_vehicle,E01,2408
804,804,804,0,Auto_vehicle,E01,2408
805,805,805,0,Auto_vehicle,E01,2424
806,806,806,0,Auto_vehicle,E01,2431
807,807,807,0,Auto_vehicle,E01,2431
808,808,808,0,Auto_vehicle,E01,2433
809,809,809,0,Auto_vehicle,E01,2438
810,810,810,0,Auto_vehicle,E01,2439
811,811,811,0,Human_vehicle,E01,2445
812,812,812,0,Auto_vehicle,E01,2447
813,813,813,0,Auto_vehicle,E01,2448
814,814,814,0,Auto_vehicle,E01,2452
815,815,815,0,Auto_vehicle,E01,2462
816,816,816,0,Auto_vehicle,E01,2477
817,817,817,0,Auto_vehicle,E01,2481
818,818,818,0,Auto_vehicle,E01,2481
819,819,819,0,Human_vehicle,E01,2481
820,820,820,0,Human_vehicle,E01,2484
821,821,821,0,Auto_vehicle,E01,2496
822,822,822,0,Auto_vehicle,E01,2499
823,823,823,0,Auto_vehicle,E01,2500
824,824,824,0,Human_vehicle,E01,2504
825,825,825,0,Human_vehicle,E01,2506
826,826,826,0,Human_vehicle,E01,2507
827,827,827,0,Auto_vehicle,E01,2516
828,828,828,0,Human_vehicle,E01,2527
829,829,829,0,Human_vehicle,E01,2528
830,830,830,0,Human_vehicle,E01,2533
831,831,831,0,Auto_vehicle,E01,2537
832,832,832,0,Human_vehicle,E01,2537
833,833,833,0,Human_vehicle,E01,2539
834,834,834,0,Human_vehicle,E01,2541
835,835,835,0,Auto_vehicle,E01,2542
836,836,836,0,Auto_vehicle,E01,2543
837,837,837,0,Auto_vehicle,E01,2545
838,838,838,0,Auto_vehicle,E01,2545
839,839,839,0,Human_vehicle,E01,2551
840,840,840,0,Human_vehicle,E01,2559
841,841,841,0,Human_vehicle,E01,2562
842,842,842,0,Human_vehicle,E01,2563
843,843,843,0,Human_vehicle,E01,2568
844,844,844,0,Human_vehicle,E01,2568
845,845,845,0,Human_vehicle,E01,2569
846,846,846,0,Auto_vehicle,E01,2569
847,847,847,0,Auto_vehicle,E01,2575
848,848,848,0,Auto_vehicle,E01,2578
849,849,849,0,Auto_vehicle,E01,2578
850,850,850,0,Human_vehicle,E01,2579
851,851,851,0,Human_vehicle,E01,2579
852,852,852,0,Auto_vehicle,E01,2581
853,853,853,0,Auto_vehicle,E01,2581
854,854,854,0,Auto_vehicle,E01,2584
855,855,855,0,Human_vehicle,E01,2589
856,856,856,0,Auto_vehicle,E01,2597
857,857,857,0,Auto_vehicle,E01,2599
858,858,858,0,Auto_vehicle,E01,2606
859,859,859,0,Auto_vehicle,E01,2609
860,860,860,0,Human_vehicle,E01,2611
861,861,861,0,Auto_vehicle,E01,2615
862,862,862,0,Auto_vehicle,E01,2616
863,863,863,0,Human_vehicle,E01,2624
864,864,864,0,Human_vehicle,E01,2624
865,865,865,0,Human_vehicle,E01,2628
866,866,866,0,Auto_vehicle,E01,2633
867,867,867,0,Auto_vehicle,E01,2638
868,868,868,0,Auto_vehicle,E01,2638
869,869,869,0,Auto_vehicle,E01,2641
870,870,870,0,Auto_vehicle,E01,2646
871,871,871,0,Human_vehicle,E01,2656
872,872,872,0,Auto_vehicle,E01,2670
873,873,873,0,Human_vehicle,E01,2672
874,874,874,0,Auto_vehicle,E01,2672
875,875,875,0,Human_vehicle,E01,2672
876,876,876,0,Auto_vehicle,E01,2673
877,877,877,0,Auto_vehicle,E01,2675
878,878,878,0,Auto_vehicle,E01,2675
879,879,879,0,Auto_vehicle,E01,2677
880,880,880,0,Human_vehicle,E01,2677
881,881,881,0,Human_vehicle,E01,2682
882,882,882,0,Auto_vehicle,E01,2682
883,883,883,0,Human_vehicle,E01,2685
884,884,884,0,Auto_vehicle,E01,2685
885,885,885,0,Auto_vehicle,E01,2685
886,886,886,0,Human_vehicle,E01,2689
887,887,887,0,Auto_vehicle,E01,2693
888,888,888,0,Auto_vehicle,E01,2695
889,889,889,0,Human_vehicle,E01,2698
890,890,890,0,Human_vehicle,E01,2698
891,891,891,0,Human_vehicle,E01,2704
892,892,892,0,Human_vehicle,E01,2716
893,893,893,0,Auto_vehicle,E01,2719
894,894,894,0,Human_vehicle,E01,2720
895,895,895,0,Auto_vehicle,E01,2722
896,896,896,0,Human_vehicle,E01,2722
897,897,897,0,Human_vehicle,E01,2727
898,898,898,0,Human_vehicle,E01,2733
899,899,899,0,Human_vehicle,E01,2733
900,900,900,0,Auto_vehicle,E01,2733
901,901,901,0,Human_vehicle,E01,2736
902,902,902,0,Auto_vehicle,E01,2743
903,903,903,0,Auto_vehicle,E01,2750
904,904,904,0,Auto_vehicle,E01,2750
905,905,905,0,Auto_vehicle,E01,2756
906,906,906,0,Auto_vehicle,E01,2766
907,907,907,0,Human_vehicle,E01,2767
908,908,908,0,Human_vehicle,E01,2767
909,909,909,0,Auto_vehicle,E01,2767
910,910,910,0,Auto_vehicle,E01,2773
911,911,911,0,Auto_vehicle,E01,2781
912,912,912,0,Human_vehicle,E01,2781
913,913,913,0,Auto_vehicle,E01,2785
914,914,914,0,Auto_vehicle,E01,2796
915,915,915,0,Human_vehicle,E01,2801
916,916,916,0,Auto_vehicle,E01,2804
917,917,917,0,Human_vehicle,E01,2817
918,918,918,0,Human_vehicle,E01,2820
919,919,919,0,Auto_vehicle,E01,2825
920,920,920,0,Human_vehicle,E01,2828
921,921,921,0,Human_vehicle,E01,2828
922,922,922,0,Auto_vehicle,E01,2839
923,923,923,0,Human_vehicle,E01,2843
924,924,924,0,Auto_vehicle,E01,2845
925,925,925,0,Auto_vehicle,E01,2847
926,926,926,0,Auto_vehicle,E01,2849
927,927,927,0,Human_vehicle,E01,2852
928,928,928,0,Human_vehicle,E01,2852
929,929,929,0,Auto_vehicle,E01,2852
930,930,930,0,Auto_vehicle,E01,2855
931,931,931,0,Human_vehicle,E01,2863
932,932,932,0,Human_vehicle,E01,2864
933,933,933,0,Human_vehicle,E01,2869
934,934,934,0,Human_vehicle,E01,2882
935,935,935,0,Auto_vehicle,E01,2887
936,936,936,0,Auto_vehicle,E01,2892
937,937,937,0,Auto_vehicle,E01,2892
938,938,938,0,Auto_vehicle,E01,2900
939,939,939,0,Auto_vehicle,E01,2900
940,940,940,0,Auto_vehicle,E01,2904
941,941,941,0,Auto_vehicle,E01,2912
942,942,942,0,Human_vehicle,E01,2912
943,943,943,0,Human_vehicle,E01,2917
944,944,944,0,Human_vehicle,E01,2917
945,945,945,0,Auto_vehicle,E01,2930
946,946,946,0,Auto_vehicle,E01,2931
947,947,947,0,Auto_vehicle,E01,2932
948,948,948,0,Auto_vehicle,E01,2933
949,949,949,0,Human_vehicle,E01,2937
950,950,950,0,Human_vehicle,E01,2939
951,951,951,0,Auto_vehicle,E01,2940
952,952,952,0,Human_vehicle,E01,2947
953,953,953,0,Auto_vehicle,E01,2952
954,954,954,0,Auto_vehicle,E01,2952
955,955,955,0,Auto_vehicle,E01,2957
956,956,956,0,Auto_vehicle,E01,2959
957,957,957,0,Human_vehicle,E01,2965
958,958,958,0,Auto_vehicle,E01,2968
959,959,959,0,Human_vehicle,E01,2970
960,960,960,0,Auto_vehicle,E01,2970
961,961,961,0,Human_vehicle,E01,2971
962,962,962,0,Human_vehicle,E01,2974
963,963,963,0,Auto_vehicle,E01,2977
964,964,964,0,Auto_vehicle,E01,2982
965,965,965,0,Human_vehicle,E01,2989
966,966,966,0,Auto_vehicle,E01,3000
967,967,967,0,Auto_vehicle,E01,3005
968,968,968,0,Auto_vehicle,E01,3009
969,969,969,0,Human_vehicle,E01,3012
970,970,970,0,Auto_vehicle,E01,3014
971,971,971,0,Auto_vehicle,E01,3015
972,972,972,0,Human_vehicle,E01,3015
973,973,973,0,Auto_vehicle,E01,3021
974,974,974,0,Auto_vehicle,E01,3023
975,975,975,0,Human_vehicle,E01,3023
976,976,976,0,Human_vehicle,E01,3024
977,977,977,0,Human_vehicle,E01,3024
978,978,978,0,Human_vehicle,E01,3024
979,979,979,0,Human_vehicle,E01,3029
980,980,980,0,Auto_vehicle,E01,3031
981,981,981,0,Auto_vehicle,E01,3036
982,982,982,0,Human_vehicle,E01,3036
983,983,983,0,Auto_vehicle,E01,3036
984,984,984,0,Human_vehicle,E01,3036
985,985,985,0,Auto_vehicle,E01,3037
986,986,986,0,Auto_vehicle,E01,3038
987,987,987,0,Human_vehicle,E01,3041
988,988,988,0,Human_vehicle,E01,3043
989,989,989,0,Auto_vehicle,E01,3047
990,990,990,0,Human_vehicle,E01,3047
991,991,991,0,Auto_vehicle,E01,3048
992,992,992,0,Auto_vehicle,E01,3049
993,993,993,0,Auto_vehicle,E01,3054
994,994,994,0,Auto_vehicle,E01,3059
995,995,995,0,Auto_vehicle,E01,3060
996,996,996,0,Auto_vehicle,E01,3063
997,997,997,0,Auto_vehicle,E01,3066
998,998,998,0,Human_vehicle,E01,3068
999,999,999,0,Auto_vehicle,E01,3083
1000,1000,1000,0,Auto_vehicle,E01,3086
1001,1001,1001,0,Human_vehicle,E01,3086
1002,1002,1002,0,Auto_vehicle,E01,3097
1003,1003,1003,0,Auto_vehicle,E01,3098
1004,1004,1004,0,Auto_vehicle,E01,3098
1005,1005,1005,0,Human_vehicle,E01,3098
1006,1006,1006,0,Auto_vehicle,E01,3099
1007,1007,1007,0,Auto_vehicle,E01,3103
1008,1008,1008,0,Human_vehicle,E01,3106
1009,1009,1009,0,Human_vehicle,E01,3107
1010,1010,1010,0,Auto_vehicle,E01,3108
1011,1011,1011,0,Auto_vehicle,E01,3109
1012,1012,1012,0,Auto_vehicle,E01,3113
1013,1013,1013,0,Human_vehicle,E01,3113
1014,1014,1014,0,Human_vehicle,E01,3119
1015,1015,1015,0,Human_vehicle,E01,3123
1016,1016,1016,0,Human_vehicle,E01,3124
1017,1017,1017,0,Auto_vehicle,E01,3124
1018,1018,1018,0,Auto_vehicle,E01,3128
1019,1019,1019,0,Auto_vehicle,E01,3130
1020,1020,1020,0,Auto_vehicle,E01,3134
1021,1021,1021,0,Auto_vehicle,E01,3134
1022,1022,1022,0,Auto_vehicle,E01,3143
1023,1023,1023,0,Auto_vehicle,E01,3145
1024,1024,1024,0,Auto_vehicle,E01,3158
1025,1025,1025,0,Auto_vehicle,E01,3160
1026,1026,1026,0,Human_vehicle,E01,3166
1027,1027,1027,0,Auto_vehicle,E01,3169
1028,1028,1028,0,Human_vehicle,E01,3183
1029,1029,1029,0,Auto_vehicle,E01,3183
1030,1030,1030,0,Auto_vehicle,E01,3185
1031,1031,1031,0,Human_vehicle,E01,3189
1032,1032,1032,0,Human_vehicle,E01,3190
1033,1033,1033,0,Auto_vehicle,E01,3195
1034,1034,1034,0,Auto_vehicle,E01,3199
1035,1035,1035,0,Auto_vehicle,E01,3206
1036,1036,1036,0,Auto_vehicle,E01,3208
1037,1037,1037,0,Human_vehicle,E01,3211
1038,1038,1038,0,Auto_vehicle,E01,3215
1039,1039,1039,0,Auto_vehicle,E01,3216
1040,1040,1040,0,Human_vehicle,E01,3216
1041,1041,1041,0,Auto_vehicle,E01,3217
1042,1042,1042,0,Human_vehicle,E01,3217
1043,1043,1043,0,Auto_vehicle,E01,3221
1044,1044,1044,0,Auto_vehicle,E01,3223
1045,1045,1045,0,Auto_vehicle,E01,3223
1046,1046,1046,0,Human_vehicle,E01,3224
1047,1047,1047,0,Human_vehicle,E01,3224
1048,1048,1048,0,Human_vehicle,E01,3231
1049,1049,1049,0,Human_vehicle,E01,3237
1050,1050,1050,0,Human_vehicle,E01,3237
1051,1051,1051,0,Auto_vehicle,E01,3239
1052,1052,1052,0,Auto_vehicle,E01,3246
1053,1053,1053,0,Human_vehicle,E01,3247
1054,1054,1054,0,Auto_vehicle,E01,3252
1055,1055,1055,0,Auto_vehicle,E01,3254
1056,1056,1056,0,Human_vehicle,E01,3256
1057,1057,1057,0,Human_vehicle,E01,3262
1058,1058,1058,0,Auto_vehicle,E01,3262
1059,1059,1059,0,Human_vehicle,E01,3265
1060,1060,1060,0,Auto_vehicle,E01,3274
1061,1061,1061,0,Auto_vehicle,E01,3274
1062,1062,1062,0,Human_vehicle,E01,3276
1063,1063,1063,0,Human_vehicle,E01,3278
1064,1064,1064,0,Auto_vehicle,E01,3278
1065,1065,1065,0,Auto_vehicle,E01,3279
1066,1066,1066,0,Auto_vehicle,E01,3279
1067,1067,1067,0,Auto_vehicle,E01,3280
1068,1068,1068,0,Auto_vehicle,E01,3282
1069,1069,1069,0,Auto_vehicle,E01,3284
1070,1070,1070,0,Human_vehicle,E01,3290
1071,1071,1071,0,Human_vehicle,E01,3290
1072,1072,1072,0,Human_vehicle,E01,3300
1073,1073,1073,0,Auto_vehicle,E01,3302
1074,1074,1074,0,Auto_vehicle,E01,3303
1075,1075,1075,0,Human_vehicle,E01,3303
1076,1076,1076,0,Auto_vehicle,E01,3314
1077,1077,1077,0,Auto_vehicle,E01,3320
1078,1078,1078,0,Auto_vehicle,E01,3322
1079,1079,1079,0,Auto_vehicle,E01,3322
1080,1080,1080,0,Auto_vehicle,E01,3324
1081,1081,1081,0,Auto_vehicle,E01,3324
1082,1082,1082,0,Auto_vehicle,E01,3324
1083,1083,1083,0,Auto_vehicle,E01,3325
1084,1084,1084,0,Auto_vehicle,E01,3328
1085,1085,1085,0,Auto_vehicle,E01,3338
1086,1086,1086,0,Human_vehicle,E01,3340
1087,1087,1087,0,Human_vehicle,E01,3343
1088,1088,1088,0,Auto_vehicle,E01,3345
1089,1089,1089,0,Human_vehicle,E01,3345
1090,1090,1090,0,Human_vehicle,E01,3346
1091,1091,1091,0,Auto_vehicle,E01,3347
1092,1092,1092,0,Human_vehicle,E01,3348
1093,1093,1093,0,Auto_vehicle,E01,3348
1094,1094,1094,0,Human_vehicle,E01,3348
1095,1095,1095,0,Auto_vehicle,E01,3349
1096,1096,1096,0,Auto_vehicle,E01,3358
1097,1097,1097,0,Auto_vehicle,E01,3359
1098,1098,1098,0,Human_vehicle,E01,3359
1099,1099,1099,0,Auto_vehicle,E01,3359
1100,1100,1100,0,Human_vehicle,E01,3359
1101,1101,1101,0,Human_vehicle,E01,3362
1102,1102,1102,0,Auto_vehicle,E01,3367
1103,1103,1103,0,Auto_vehicle,E01,3368
1104,1104,1104,0,Auto_vehicle,E01,3369
1105,1105,1105,0,Human_vehicle,E01,3369
1106,1106,1106,0,Human_vehicle,E01,3373
1107,1107,1107,0,Human_vehicle,E01,3376
1108,1108,1108,0,Auto_vehicle,E01,3377
1109,1109,1109,0,Human_vehicle,E01,3379
1110,1110,1110,0,Human_vehicle,E01,3381
1111,1111,1111,0,Human_vehicle,E01,3388
1112,1112,1112,0,Auto_vehicle,E01,3388
1113,1113,1113,0,Human_vehicle,E01,3391
1114,1114,1114,0,Auto_vehicle,E01,3392
1115,1115,1115,0,Human_vehicle,E01,3394
1116,1116,1116,0,Auto_vehicle,E01,3394
1117,1117,1117,0,Human_vehicle,E01,3394
1118,1118,1118,0,Auto_vehicle,E01,3395
1119,1119,1119,0,Human_vehicle,E01,3397
1120,1120,1120,0,Human_vehicle,E01,3401
1121,1121,1121,0,Auto_vehicle,E01,3403
1122,1122,1122,0,Auto_vehicle,E01,3405
1123,1123,1123,0,Human_vehicle,E01,3408
1124,1124,1124,0,Auto_vehicle,E01,3415
1125,1125,1125,0,Auto_vehicle,E01,3416
1126,1126,1126,0,Auto_vehicle,E01,3416
1127,1127,1127,0,Auto_vehicle,E01,3421
1128,1128,1128,0,Auto_vehicle,E01,3421
1129,1129,1129,0,Auto_vehicle,E01,3429
1130,1130,1130,0,Auto_vehicle,E01,3433
1131,1131,1131,0,Human_vehicle,E01,3447
1132,1132,1132,0,Human_vehicle,E01,3457
1133,1133,1133,0,Auto_vehicle,E01,3460
1134,1134,1134,0,Auto_vehicle,E01,3460
1135,1135,1135,0,Auto_vehicle,E01,3460
1136,1136,1136,0,Auto_vehicle,E01,3462
1137,1137,1137,0,Auto_vehicle,E01,3466
1138,1138,1138,0,Auto_vehicle,E01,3482
1139,1139,1139,0,Auto_vehicle,E01,3484
1140,1140,1140,0,Auto_vehicle,E01,3484
1141,1141,1141,0,Auto_vehicle,E01,3489
1142,1142,1142,0,Human_vehicle,E01,3489
1143,1143,1143,0,Human_vehicle,E01,3492
1144,1144,1144,0,Auto_vehicle,E01,3493
1145,1145,1145,0,Auto_vehicle,E01,3495
1146,1146,1146,0,Human_vehicle,E01,3495
1147,1147,1147,0,Auto_vehicle,E01,3496
1148,1148,1148,0,Human_vehicle,E01,3498
1149,1149,1149,0,Human_vehicle,E01,3501
1150,1150,1150,0,Human_vehicle,E01,3501
1151,1151,1151,0,Auto_vehicle,E01,3503
1152,1152,1152,0,Auto_vehicle,E01,3508
1153,1153,1153,0,Human_vehicle,E01,3509
1154,1154,1154,0,Auto_vehicle,E01,3519
1155,1155,1155,0,Human_vehicle,E01,3522
1156,1156,1156,0,Auto_vehicle,E01,3522
1157,1157,1157,0,Human_vehicle,E01,3523
1158,1158,1158,0,Auto_vehicle,E01,3545
1159,1159,1159,0,Auto_vehicle,E01,3548
1160,1160,1160,0,Auto_vehicle,E01,3553
1161,1161,1161,0,Auto_vehicle,E01,3559
1162,1162,1162,0,Auto_vehicle,E01,3561
1163,1163,1163,0,Auto_vehicle,E01,3563
1164,1164,1164,0,Auto_vehicle,E01,3566
1165,1165,1165,0,Human_vehicle,E01,3569
1166,1166,1166,0,Human_vehicle,E01,3576
1167,1167,1167,0,Auto_vehicle,E01,3576
1168,1168,1168,0,Auto_vehicle,E01,3577
1169,1169,1169,0,Auto_vehicle,E01,3584
1170,1170,1170,0,Auto_vehicle,E01,3590
1171,1171,1171,0,Auto_vehicle,E01,3596
1172,1172,1172,0,Human_vehicle,E01,3598
