,id,departLane,type,route,depart
0,0,0,Auto_vehicle,E01,0
1,1,0,Auto_vehicle,E01,0
2,2,0,Auto_vehicle,E01,0
3,3,0,Auto_vehicle,E01,3
4,4,0,Auto_vehicle,E01,5
5,5,0,Auto_vehicle,E01,8
6,6,0,Auto_vehicle,E01,12
7,7,0,Auto_vehicle,E01,17
8,8,0,Auto_vehicle,E01,21
9,9,0,Auto_vehicle,E01,21
10,10,0,Auto_vehicle,E01,22
11,11,0,Auto_vehicle,E01,25
12,12,0,Auto_vehicle,E01,25
13,13,0,Auto_vehicle,E01,26
14,14,0,Auto_vehicle,E01,27
15,15,0,Auto_vehicle,E01,30
16,16,0,Auto_vehicle,E01,31
17,17,0,Auto_vehicle,E01,32
18,18,0,Auto_vehicle,E01,32
19,19,0,Auto_vehicle,E01,34
20,20,0,Auto_vehicle,E01,35
21,21,0,Auto_vehicle,E01,35
22,22,0,Auto_vehicle,E01,38
23,23,0,Auto_vehicle,E01,39
24,24,0,Auto_vehicle,E01,40
25,25,0,Auto_vehicle,E01,41
26,26,0,Auto_vehicle,E01,41
27,27,0,Auto_vehicle,E01,44
28,28,0,Auto_vehicle,E01,44
29,29,0,Auto_vehicle,E01,45
30,30,0,Auto_vehicle,E01,45
31,31,0,Auto_vehicle,E01,49
32,32,0,Auto_vehicle,E01,53
33,33,0,Auto_vehicle,E01,55
34,34,0,Auto_vehicle,E01,61
35,35,0,Auto_vehicle,E01,62
36,36,0,Auto_vehicle,E01,68
37,37,0,Auto_vehicle,E01,73
38,38,0,Auto_vehicle,E01,81
39,39,0,Auto_vehicle,E01,83
40,40,0,Auto_vehicle,E01,83
41,41,0,Auto_vehicle,E01,84
42,42,0,Auto_vehicle,E01,86
43,43,0,Auto_vehicle,E01,90
44,44,0,Auto_vehicle,E01,93
45,45,0,Auto_vehicle,E01,99
46,46,0,Auto_vehicle,E01,106
47,47,0,Auto_vehicle,E01,108
48,48,0,Auto_vehicle,E01,109
49,49,0,Auto_vehicle,E01,117
50,50,0,Auto_vehicle,E01,118
51,51,0,Auto_vehicle,E01,122
52,52,0,Auto_vehicle,E01,138
53,53,0,Auto_vehicle,E01,150
54,54,0,Auto_vehicle,E01,155
55,55,0,Auto_vehicle,E01,156
56,56,0,Auto_vehicle,E01,157
57,57,0,Auto_vehicle,E01,178
58,58,0,Auto_vehicle,E01,183
59,59,0,Auto_vehicle,E01,200
60,60,0,Auto_vehicle,E01,201
61,61,0,Auto_vehicle,E01,201
62,62,0,Auto_vehicle,E01,202
63,63,0,Auto_vehicle,E01,202
64,64,0,Auto_vehicle,E01,218
65,65,0,Auto_vehicle,E01,220
66,66,0,Auto_vehicle,E01,220
67,67,0,Auto_vehicle,E01,222
68,68,0,Auto_vehicle,E01,223
69,69,0,Auto_vehicle,E01,224
70,70,0,Auto_vehicle,E01,246
71,71,0,Auto_vehicle,E01,251
72,72,0,Auto_vehicle,E01,251
73,73,0,Auto_vehicle,E01,251
74,74,0,Auto_vehicle,E01,265
75,75,0,Auto_vehicle,E01,265
76,76,0,Auto_vehicle,E01,270
77,77,0,Auto_vehicle,E01,270
78,78,0,Auto_vehicle,E01,271
79,79,0,Auto_vehicle,E01,274
80,80,0,Auto_vehicle,E01,276
81,81,0,Auto_vehicle,E01,283
82,82,0,Auto_vehicle,E01,286
83,83,0,Auto_vehicle,E01,286
84,84,0,Auto_vehicle,E01,287
85,85,0,Auto_vehicle,E01,289
86,86,0,Auto_vehicle,E01,290
87,87,0,Auto_vehicle,E01,291
88,88,0,Auto_vehicle,E01,291
89,89,0,Auto_vehicle,E01,292
90,90,0,Auto_vehicle,E01,294
91,91,0,Auto_vehicle,E01,294
92,92,0,Auto_vehicle,E01,295
93,93,0,Auto_vehicle,E01,295
94,94,0,Auto_vehicle,E01,296
95,95,0,Auto_vehicle,E01,298
96,96,0,Auto_vehicle,E01,303
97,97,0,Auto_vehicle,E01,311
98,98,0,Auto_vehicle,E01,311
99,99,0,Auto_vehicle,E01,318
100,100,0,Auto_vehicle,E01,318
101,101,0,Auto_vehicle,E01,320
102,102,0,Auto_vehicle,E01,320
103,103,0,Auto_vehicle,E01,323
104,104,0,Auto_vehicle,E01,323
105,105,0,Auto_vehicle,E01,325
106,106,0,Auto_vehicle,E01,325
107,107,0,Auto_vehicle,E01,326
108,108,0,Auto_vehicle,E01,326
109,109,0,Auto_vehicle,E01,332
110,110,0,Auto_vehicle,E01,333
111,111,0,Auto_vehicle,E01,339
112,112,0,Auto_vehicle,E01,348
113,113,0,Auto_vehicle,E01,348
114,114,0,Auto_vehicle,E01,357
115,115,0,Auto_vehicle,E01,358
116,116,0,Auto_vehicle,E01,361
117,117,0,Auto_vehicle,E01,368
118,118,0,Auto_vehicle,E01,369
119,119,0,Auto_vehicle,E01,370
120,120,0,Auto_vehicle,E01,371
121,121,0,Auto_vehicle,E01,371
122,122,0,Auto_vehicle,E01,373
123,123,0,Auto_vehicle,E01,377
124,124,0,Auto_vehicle,E01,390
125,125,0,Auto_vehicle,E01,397
126,126,0,Auto_vehicle,E01,398
127,127,0,Auto_vehicle,E01,398
128,128,0,Auto_vehicle,E01,399
129,129,0,Auto_vehicle,E01,400
130,130,0,Auto_vehicle,E01,400
131,131,0,Auto_vehicle,E01,405
132,132,0,Auto_vehicle,E01,412
133,133,0,Auto_vehicle,E01,420
134,134,0,Auto_vehicle,E01,421
135,135,0,Auto_vehicle,E01,426
136,136,0,Auto_vehicle,E01,426
137,137,0,Auto_vehicle,E01,429
138,138,0,Auto_vehicle,E01,431
139,139,0,Auto_vehicle,E01,432
140,140,0,Auto_vehicle,E01,434
141,141,0,Auto_vehicle,E01,434
142,142,0,Auto_vehicle,E01,436
143,143,0,Auto_vehicle,E01,437
144,144,0,Auto_vehicle,E01,440
145,145,0,Auto_vehicle,E01,440
146,146,0,Auto_vehicle,E01,449
147,147,0,Auto_vehicle,E01,451
148,148,0,Auto_vehicle,E01,451
149,149,0,Auto_vehicle,E01,456
150,150,0,Auto_vehicle,E01,458
151,151,0,Auto_vehicle,E01,458
152,152,0,Auto_vehicle,E01,459
153,153,0,Auto_vehicle,E01,460
154,154,0,Auto_vehicle,E01,470
155,155,0,Auto_vehicle,E01,478
156,156,0,Auto_vehicle,E01,478
157,157,0,Auto_vehicle,E01,487
158,158,0,Auto_vehicle,E01,488
159,159,0,Auto_vehicle,E01,488
160,160,0,Auto_vehicle,E01,490
161,161,0,Auto_vehicle,E01,493
162,162,0,Auto_vehicle,E01,509
163,163,0,Auto_vehicle,E01,515
164,164,0,Auto_vehicle,E01,522
165,165,0,Auto_vehicle,E01,526
166,166,0,Auto_vehicle,E01,526
167,167,0,Auto_vehicle,E01,533
168,168,0,Auto_vehicle,E01,533
169,169,0,Auto_vehicle,E01,539
170,170,0,Auto_vehicle,E01,539
171,171,0,Auto_vehicle,E01,546
172,172,0,Auto_vehicle,E01,548
173,173,0,Auto_vehicle,E01,548
174,174,0,Auto_vehicle,E01,564
175,175,0,Auto_vehicle,E01,568
176,176,0,Auto_vehicle,E01,569
177,177,0,Auto_vehicle,E01,572
178,178,0,Auto_vehicle,E01,580
179,179,0,Auto_vehicle,E01,585
180,180,0,Auto_vehicle,E01,585
181,181,0,Auto_vehicle,E01,590
182,182,0,Auto_vehicle,E01,591
183,183,0,Auto_vehicle,E01,597
184,184,0,Auto_vehicle,E01,604
185,185,0,Auto_vehicle,E01,611
186,186,0,Auto_vehicle,E01,612
187,187,0,Auto_vehicle,E01,614
188,188,0,Auto_vehicle,E01,618
189,189,0,Auto_vehicle,E01,619
190,190,0,Auto_vehicle,E01,619
191,191,0,Auto_vehicle,E01,626
192,192,0,Auto_vehicle,E01,632
193,193,0,Auto_vehicle,E01,637
194,194,0,Auto_vehicle,E01,641
195,195,0,Auto_vehicle,E01,646
196,196,0,Auto_vehicle,E01,656
197,197,0,Auto_vehicle,E01,656
198,198,0,Auto_vehicle,E01,657
199,199,0,Auto_vehicle,E01,667
200,200,0,Auto_vehicle,E01,669
201,201,0,Auto_vehicle,E01,669
202,202,0,Auto_vehicle,E01,672
203,203,0,Auto_vehicle,E01,674
204,204,0,Auto_vehicle,E01,684
205,205,0,Auto_vehicle,E01,687
206,206,0,Auto_vehicle,E01,687
207,207,0,Auto_vehicle,E01,689
208,208,0,Auto_vehicle,E01,689
209,209,0,Auto_vehicle,E01,690
210,210,0,Auto_vehicle,E01,690
211,211,0,Auto_vehicle,E01,696
212,212,0,Auto_vehicle,E01,701
213,213,0,Auto_vehicle,E01,703
214,214,0,Auto_vehicle,E01,706
215,215,0,Auto_vehicle,E01,707
216,216,0,Auto_vehicle,E01,712
217,217,0,Auto_vehicle,E01,714
218,218,0,Auto_vehicle,E01,714
219,219,0,Auto_vehicle,E01,715
220,220,0,Auto_vehicle,E01,720
221,221,0,Auto_vehicle,E01,721
222,222,0,Auto_vehicle,E01,730
223,223,0,Auto_vehicle,E01,731
224,224,0,Auto_vehicle,E01,737
225,225,0,Auto_vehicle,E01,744
226,226,0,Auto_vehicle,E01,752
227,227,0,Auto_vehicle,E01,753
228,228,0,Auto_vehicle,E01,754
229,229,0,Auto_vehicle,E01,756
230,230,0,Auto_vehicle,E01,757
231,231,0,Auto_vehicle,E01,766
232,232,0,Auto_vehicle,E01,770
233,233,0,Auto_vehicle,E01,773
234,234,0,Auto_vehicle,E01,774
235,235,0,Auto_vehicle,E01,777
236,236,0,Auto_vehicle,E01,777
237,237,0,Auto_vehicle,E01,777
238,238,0,Auto_vehicle,E01,777
239,239,0,Auto_vehicle,E01,781
240,240,0,Auto_vehicle,E01,782
241,241,0,Auto_vehicle,E01,783
242,242,0,Auto_vehicle,E01,783
243,243,0,Auto_vehicle,E01,783
244,244,0,Auto_vehicle,E01,783
245,245,0,Auto_vehicle,E01,784
246,246,0,Auto_vehicle,E01,785
247,247,0,Auto_vehicle,E01,785
248,248,0,Auto_vehicle,E01,787
249,249,0,Auto_vehicle,E01,787
250,250,0,Auto_vehicle,E01,792
251,251,0,Auto_vehicle,E01,792
252,252,0,Auto_vehicle,E01,800
253,253,0,Auto_vehicle,E01,801
254,254,0,Auto_vehicle,E01,801
255,255,0,Auto_vehicle,E01,803
256,256,0,Auto_vehicle,E01,814
257,257,0,Auto_vehicle,E01,815
258,258,0,Auto_vehicle,E01,823
259,259,0,Auto_vehicle,E01,824
260,260,0,Auto_vehicle,E01,824
261,261,0,Auto_vehicle,E01,827
262,262,0,Auto_vehicle,E01,830
263,263,0,Auto_vehicle,E01,843
264,264,0,Auto_vehicle,E01,843
265,265,0,Auto_vehicle,E01,852
266,266,0,Auto_vehicle,E01,854
267,267,0,Auto_vehicle,E01,854
268,268,0,Auto_vehicle,E01,854
269,269,0,Auto_vehicle,E01,855
270,270,0,Auto_vehicle,E01,855
271,271,0,Auto_vehicle,E01,855
272,272,0,Auto_vehicle,E01,856
273,273,0,Auto_vehicle,E01,858
274,274,0,Auto_vehicle,E01,861
275,275,0,Auto_vehicle,E01,865
276,276,0,Auto_vehicle,E01,865
277,277,0,Auto_vehicle,E01,872
278,278,0,Auto_vehicle,E01,883
279,279,0,Auto_vehicle,E01,885
280,280,0,Auto_vehicle,E01,885
281,281,0,Auto_vehicle,E01,890
282,282,0,Auto_vehicle,E01,894
283,283,0,Auto_vehicle,E01,895
284,284,0,Auto_vehicle,E01,898
285,285,0,Auto_vehicle,E01,903
286,286,0,Auto_vehicle,E01,906
287,287,0,Auto_vehicle,E01,908
288,288,0,Auto_vehicle,E01,916
289,289,0,Auto_vehicle,E01,916
290,290,0,Auto_vehicle,E01,917
291,291,0,Auto_vehicle,E01,918
292,292,0,Auto_vehicle,E01,918
293,293,0,Auto_vehicle,E01,918
294,294,0,Auto_vehicle,E01,920
295,295,0,Auto_vehicle,E01,921
296,296,0,Auto_vehicle,E01,929
297,297,0,Auto_vehicle,E01,930
298,298,0,Auto_vehicle,E01,937
299,299,0,Auto_vehicle,E01,945
300,300,0,Auto_vehicle,E01,951
301,301,0,Auto_vehicle,E01,951
302,302,0,Auto_vehicle,E01,954
303,303,0,Auto_vehicle,E01,958
304,304,0,Auto_vehicle,E01,961
305,305,0,Auto_vehicle,E01,966
306,306,0,Auto_vehicle,E01,967
307,307,0,Auto_vehicle,E01,970
308,308,0,Auto_vehicle,E01,970
309,309,0,Auto_vehicle,E01,971
310,310,0,Auto_vehicle,E01,971
311,311,0,Auto_vehicle,E01,979
312,312,0,Auto_vehicle,E01,981
313,313,0,Auto_vehicle,E01,981
314,314,0,Auto_vehicle,E01,988
315,315,0,Auto_vehicle,E01,994
316,316,0,Auto_vehicle,E01,996
317,317,0,Auto_vehicle,E01,998
318,318,0,Auto_vehicle,E01,1000
319,319,0,Auto_vehicle,E01,1000
320,320,0,Auto_vehicle,E01,1005
321,321,0,Auto_vehicle,E01,1007
322,322,0,Auto_vehicle,E01,1015
323,323,0,Auto_vehicle,E01,1015
324,324,0,Auto_vehicle,E01,1015
325,325,0,Auto_vehicle,E01,1015
326,326,0,Auto_vehicle,E01,1019
327,327,0,Auto_vehicle,E01,1019
328,328,0,Auto_vehicle,E01,1019
329,329,0,Auto_vehicle,E01,1019
330,330,0,Auto_vehicle,E01,1021
331,331,0,Auto_vehicle,E01,1023
332,332,0,Auto_vehicle,E01,1031
333,333,0,Auto_vehicle,E01,1036
334,334,0,Auto_vehicle,E01,1039
335,335,0,Auto_vehicle,E01,1040
336,336,0,Auto_vehicle,E01,1041
337,337,0,Auto_vehicle,E01,1043
338,338,0,Auto_vehicle,E01,1049
339,339,0,Auto_vehicle,E01,1058
340,340,0,Auto_vehicle,E01,1058
341,341,0,Auto_vehicle,E01,1058
342,342,0,Auto_vehicle,E01,1076
343,343,0,Auto_vehicle,E01,1078
344,344,0,Auto_vehicle,E01,1085
345,345,0,Auto_vehicle,E01,1088
346,346,0,Auto_vehicle,E01,1090
347,347,0,Auto_vehicle,E01,1090
348,348,0,Auto_vehicle,E01,1090
349,349,0,Auto_vehicle,E01,1093
350,350,0,Auto_vehicle,E01,1093
351,351,0,Auto_vehicle,E01,1099
352,352,0,Auto_vehicle,E01,1100
353,353,0,Auto_vehicle,E01,1103
354,354,0,Auto_vehicle,E01,1108
355,355,0,Auto_vehicle,E01,1116
356,356,0,Auto_vehicle,E01,1121
357,357,0,Auto_vehicle,E01,1122
358,358,0,Auto_vehicle,E01,1122
359,359,0,Auto_vehicle,E01,1128
360,360,0,Auto_vehicle,E01,1136
361,361,0,Auto_vehicle,E01,1136
362,362,0,Auto_vehicle,E01,1139
363,363,0,Auto_vehicle,E01,1140
364,364,0,Auto_vehicle,E01,1141
365,365,0,Auto_vehicle,E01,1141
366,366,0,Auto_vehicle,E01,1143
367,367,0,Auto_vehicle,E01,1145
368,368,0,Auto_vehicle,E01,1145
369,369,0,Auto_vehicle,E01,1146
370,370,0,Auto_vehicle,E01,1149
371,371,0,Auto_vehicle,E01,1155
372,372,0,Auto_vehicle,E01,1162
373,373,0,Auto_vehicle,E01,1164
374,374,0,Auto_vehicle,E01,1167
375,375,0,Auto_vehicle,E01,1167
376,376,0,Auto_vehicle,E01,1174
377,377,0,Auto_vehicle,E01,1178
378,378,0,Auto_vehicle,E01,1179
379,379,0,Auto_vehicle,E01,1185
380,380,0,Auto_vehicle,E01,1186
381,381,0,Auto_vehicle,E01,1189
382,382,0,Auto_vehicle,E01,1189
383,383,0,Auto_vehicle,E01,1189
384,384,0,Auto_vehicle,E01,1192
385,385,0,Auto_vehicle,E01,1193
386,386,0,Auto_vehicle,E01,1193
387,387,0,Auto_vehicle,E01,1195
388,388,0,Auto_vehicle,E01,1195
389,389,0,Auto_vehicle,E01,1201
390,390,0,Auto_vehicle,E01,1212
391,391,0,Auto_vehicle,E01,1219
392,392,0,Auto_vehicle,E01,1232
393,393,0,Auto_vehicle,E01,1234
394,394,0,Auto_vehicle,E01,1236
395,395,0,Auto_vehicle,E01,1236
396,396,0,Auto_vehicle,E01,1242
397,397,0,Auto_vehicle,E01,1253
398,398,0,Auto_vehicle,E01,1255
399,399,0,Auto_vehicle,E01,1265
400,400,0,Auto_vehicle,E01,1275
401,401,0,Auto_vehicle,E01,1278
402,402,0,Auto_vehicle,E01,1278
403,403,0,Auto_vehicle,E01,1281
404,404,0,Auto_vehicle,E01,1283
405,405,0,Auto_vehicle,E01,1283
406,406,0,Auto_vehicle,E01,1283
407,407,0,Auto_vehicle,E01,1286
408,408,0,Auto_vehicle,E01,1288
409,409,0,Auto_vehicle,E01,1292
410,410,0,Auto_vehicle,E01,1292
411,411,0,Auto_vehicle,E01,1296
412,412,0,Auto_vehicle,E01,1301
413,413,0,Auto_vehicle,E01,1305
414,414,0,Auto_vehicle,E01,1308
415,415,0,Auto_vehicle,E01,1308
416,416,0,Auto_vehicle,E01,1308
417,417,0,Auto_vehicle,E01,1314
418,418,0,Auto_vehicle,E01,1315
419,419,0,Auto_vehicle,E01,1316
420,420,0,Auto_vehicle,E01,1318
421,421,0,Auto_vehicle,E01,1318
422,422,0,Auto_vehicle,E01,1325
423,423,0,Auto_vehicle,E01,1326
424,424,0,Auto_vehicle,E01,1330
425,425,0,Auto_vehicle,E01,1334
426,426,0,Auto_vehicle,E01,1336
427,427,0,Auto_vehicle,E01,1336
428,428,0,Auto_vehicle,E01,1338
429,429,0,Auto_vehicle,E01,1348
430,430,0,Auto_vehicle,E01,1348
431,431,0,Auto_vehicle,E01,1349
432,432,0,Auto_vehicle,E01,1349
433,433,0,Auto_vehicle,E01,1349
434,434,0,Auto_vehicle,E01,1354
435,435,0,Auto_vehicle,E01,1355
436,436,0,Auto_vehicle,E01,1357
437,437,0,Auto_vehicle,E01,1357
438,438,0,Auto_vehicle,E01,1361
439,439,0,Auto_vehicle,E01,1361
440,440,0,Auto_vehicle,E01,1361
441,441,0,Auto_vehicle,E01,1362
442,442,0,Auto_vehicle,E01,1366
443,443,0,Auto_vehicle,E01,1366
444,444,0,Auto_vehicle,E01,1366
445,445,0,Auto_vehicle,E01,1366
446,446,0,Auto_vehicle,E01,1369
447,447,0,Auto_vehicle,E01,1373
448,448,0,Auto_vehicle,E01,1374
449,449,0,Auto_vehicle,E01,1375
450,450,0,Auto_vehicle,E01,1376
451,451,0,Auto_vehicle,E01,1376
452,452,0,Auto_vehicle,E01,1377
453,453,0,Auto_vehicle,E01,1388
454,454,0,Auto_vehicle,E01,1389
455,455,0,Auto_vehicle,E01,1389
456,456,0,Auto_vehicle,E01,1396
457,457,0,Auto_vehicle,E01,1402
458,458,0,Auto_vehicle,E01,1403
459,459,0,Auto_vehicle,E01,1405
460,460,0,Auto_vehicle,E01,1406
461,461,0,Auto_vehicle,E01,1406
462,462,0,Auto_vehicle,E01,1410
463,463,0,Auto_vehicle,E01,1413
464,464,0,Auto_vehicle,E01,1418
465,465,0,Auto_vehicle,E01,1420
466,466,0,Auto_vehicle,E01,1428
467,467,0,Auto_vehicle,E01,1428
468,468,0,Auto_vehicle,E01,1429
469,469,0,Auto_vehicle,E01,1431
470,470,0,Auto_vehicle,E01,1438
471,471,0,Auto_vehicle,E01,1442
472,472,0,Auto_vehicle,E01,1447
473,473,0,Auto_vehicle,E01,1459
474,474,0,Auto_vehicle,E01,1459
475,475,0,Auto_vehicle,E01,1463
476,476,0,Auto_vehicle,E01,1467
477,477,0,Auto_vehicle,E01,1473
478,478,0,Auto_vehicle,E01,1475
479,479,0,Auto_vehicle,E01,1476
480,480,0,Auto_vehicle,E01,1479
481,481,0,Auto_vehicle,E01,1479
482,482,0,Auto_vehicle,E01,1481
483,483,0,Auto_vehicle,E01,1482
484,484,0,Auto_vehicle,E01,1487
485,485,0,Auto_vehicle,E01,1488
486,486,0,Auto_vehicle,E01,1488
487,487,0,Auto_vehicle,E01,1498
488,488,0,Auto_vehicle,E01,1499
489,489,0,Auto_vehicle,E01,1500
490,490,0,Auto_vehicle,E01,1500
491,491,0,Auto_vehicle,E01,1507
492,492,0,Auto_vehicle,E01,1515
493,493,0,Auto_vehicle,E01,1515
494,494,0,Auto_vehicle,E01,1516
495,495,0,Auto_vehicle,E01,1523
496,496,0,Auto_vehicle,E01,1524
497,497,0,Auto_vehicle,E01,1525
498,498,0,Auto_vehicle,E01,1532
499,499,0,Auto_vehicle,E01,1532
500,500,0,Auto_vehicle,E01,1533
501,501,0,Auto_vehicle,E01,1539
502,502,0,Auto_vehicle,E01,1545
503,503,0,Auto_vehicle,E01,1545
504,504,0,Auto_vehicle,E01,1547
505,505,0,Auto_vehicle,E01,1551
506,506,0,Auto_vehicle,E01,1556
507,507,0,Auto_vehicle,E01,1558
508,508,0,Auto_vehicle,E01,1558
509,509,0,Auto_vehicle,E01,1565
510,510,0,Auto_vehicle,E01,1565
511,511,0,Auto_vehicle,E01,1568
512,512,0,Auto_vehicle,E01,1568
513,513,0,Auto_vehicle,E01,1570
514,514,0,Auto_vehicle,E01,1571
515,515,0,Auto_vehicle,E01,1571
516,516,0,Auto_vehicle,E01,1574
517,517,0,Auto_vehicle,E01,1578
518,518,0,Auto_vehicle,E01,1578
519,519,0,Auto_vehicle,E01,1583
520,520,0,Auto_vehicle,E01,1583
521,521,0,Auto_vehicle,E01,1587
522,522,0,Auto_vehicle,E01,1588
523,523,0,Auto_vehicle,E01,1599
524,524,0,Auto_vehicle,E01,1612
525,525,0,Auto_vehicle,E01,1613
526,526,0,Auto_vehicle,E01,1622
527,527,0,Auto_vehicle,E01,1627
528,528,0,Auto_vehicle,E01,1627
529,529,0,Auto_vehicle,E01,1627
530,530,0,Auto_vehicle,E01,1627
531,531,0,Auto_vehicle,E01,1627
532,532,0,Auto_vehicle,E01,1629
533,533,0,Auto_vehicle,E01,1635
534,534,0,Auto_vehicle,E01,1640
535,535,0,Auto_vehicle,E01,1640
536,536,0,Auto_vehicle,E01,1642
537,537,0,Auto_vehicle,E01,1642
538,538,0,Auto_vehicle,E01,1642
539,539,0,Auto_vehicle,E01,1643
540,540,0,Auto_vehicle,E01,1646
541,541,0,Auto_vehicle,E01,1649
542,542,0,Auto_vehicle,E01,1651
543,543,0,Auto_vehicle,E01,1654
544,544,0,Auto_vehicle,E01,1654
545,545,0,Auto_vehicle,E01,1657
546,546,0,Auto_vehicle,E01,1658
547,547,0,Auto_vehicle,E01,1660
548,548,0,Auto_vehicle,E01,1664
549,549,0,Auto_vehicle,E01,1665
550,550,0,Auto_vehicle,E01,1667
551,551,0,Auto_vehicle,E01,1672
552,552,0,Auto_vehicle,E01,1672
553,553,0,Auto_vehicle,E01,1676
554,554,0,Auto_vehicle,E01,1682
555,555,0,Auto_vehicle,E01,1692
556,556,0,Auto_vehicle,E01,1695
557,557,0,Auto_vehicle,E01,1701
558,558,0,Auto_vehicle,E01,1701
559,559,0,Auto_vehicle,E01,1701
560,560,0,Auto_vehicle,E01,1707
561,561,0,Auto_vehicle,E01,1709
562,562,0,Auto_vehicle,E01,1714
563,563,0,Auto_vehicle,E01,1720
564,564,0,Auto_vehicle,E01,1721
565,565,0,Auto_vehicle,E01,1722
566,566,0,Auto_vehicle,E01,1722
567,567,0,Auto_vehicle,E01,1723
568,568,0,Auto_vehicle,E01,1734
569,569,0,Auto_vehicle,E01,1740
570,570,0,Auto_vehicle,E01,1740
571,571,0,Auto_vehicle,E01,1743
572,572,0,Auto_vehicle,E01,1748
573,573,0,Auto_vehicle,E01,1749
574,574,0,Auto_vehicle,E01,1752
575,575,0,Auto_vehicle,E01,1752
576,576,0,Auto_vehicle,E01,1757
577,577,0,Auto_vehicle,E01,1763
578,578,0,Auto_vehicle,E01,1765
579,579,0,Auto_vehicle,E01,1772
580,580,0,Auto_vehicle,E01,1776
581,581,0,Auto_vehicle,E01,1786
582,582,0,Auto_vehicle,E01,1789
583,583,0,Auto_vehicle,E01,1789
584,584,0,Auto_vehicle,E01,1798
585,585,0,Auto_vehicle,E01,1799
586,586,0,Auto_vehicle,E01,1799
587,587,0,Auto_vehicle,E01,1802
588,588,0,Auto_vehicle,E01,1807
589,589,0,Auto_vehicle,E01,1809
590,590,0,Auto_vehicle,E01,1811
591,591,0,Auto_vehicle,E01,1814
592,592,0,Auto_vehicle,E01,1819
593,593,0,Auto_vehicle,E01,1823
594,594,0,Auto_vehicle,E01,1828
595,595,0,Auto_vehicle,E01,1828
596,596,0,Auto_vehicle,E01,1831
597,597,0,Auto_vehicle,E01,1831
598,598,0,Auto_vehicle,E01,1834
599,599,0,Auto_vehicle,E01,1835
600,600,0,Auto_vehicle,E01,1841
601,601,0,Auto_vehicle,E01,1844
602,602,0,Auto_vehicle,E01,1844
603,603,0,Auto_vehicle,E01,1844
604,604,0,Auto_vehicle,E01,1859
605,605,0,Auto_vehicle,E01,1863
606,606,0,Auto_vehicle,E01,1864
607,607,0,Auto_vehicle,E01,1869
608,608,0,Auto_vehicle,E01,1870
609,609,0,Auto_vehicle,E01,1870
610,610,0,Auto_vehicle,E01,1870
611,611,0,Auto_vehicle,E01,1872
612,612,0,Auto_vehicle,E01,1876
613,613,0,Auto_vehicle,E01,1879
614,614,0,Auto_vehicle,E01,1888
615,615,0,Auto_vehicle,E01,1892
616,616,0,Auto_vehicle,E01,1892
617,617,0,Auto_vehicle,E01,1906
618,618,0,Auto_vehicle,E01,1916
619,619,0,Auto_vehicle,E01,1917
620,620,0,Auto_vehicle,E01,1929
621,621,0,Auto_vehicle,E01,1930
622,622,0,Auto_vehicle,E01,1934
623,623,0,Auto_vehicle,E01,1937
624,624,0,Auto_vehicle,E01,1939
625,625,0,Auto_vehicle,E01,1949
626,626,0,Auto_vehicle,E01,1949
627,627,0,Auto_vehicle,E01,1949
628,628,0,Auto_vehicle,E01,1949
629,629,0,Auto_vehicle,E01,1952
630,630,0,Auto_vehicle,E01,1964
631,631,0,Auto_vehicle,E01,1967
632,632,0,Auto_vehicle,E01,1969
633,633,0,Auto_vehicle,E01,1969
634,634,0,Auto_vehicle,E01,1973
635,635,0,Auto_vehicle,E01,1980
636,636,0,Auto_vehicle,E01,1983
637,637,0,Auto_vehicle,E01,1986
638,638,0,Auto_vehicle,E01,1987
639,639,0,Auto_vehicle,E01,1989
640,640,0,Auto_vehicle,E01,1997
641,641,0,Auto_vehicle,E01,1999
642,642,0,Auto_vehicle,E01,2013
643,643,0,Auto_vehicle,E01,2014
644,644,0,Auto_vehicle,E01,2015
645,645,0,Auto_vehicle,E01,2019
646,646,0,Auto_vehicle,E01,2031
647,647,0,Auto_vehicle,E01,2037
648,648,0,Auto_vehicle,E01,2041
649,649,0,Auto_vehicle,E01,2043
650,650,0,Auto_vehicle,E01,2049
651,651,0,Auto_vehicle,E01,2051
652,652,0,Auto_vehicle,E01,2051
653,653,0,Auto_vehicle,E01,2053
654,654,0,Auto_vehicle,E01,2059
655,655,0,Auto_vehicle,E01,2065
656,656,0,Auto_vehicle,E01,2065
657,657,0,Auto_vehicle,E01,2066
658,658,0,Auto_vehicle,E01,2069
659,659,0,Auto_vehicle,E01,2073
660,660,0,Auto_vehicle,E01,2079
661,661,0,Auto_vehicle,E01,2079
662,662,0,Auto_vehicle,E01,2079
663,663,0,Auto_vehicle,E01,2080
664,664,0,Auto_vehicle,E01,2084
665,665,0,Auto_vehicle,E01,2088
666,666,0,Auto_vehicle,E01,2088
667,667,0,Auto_vehicle,E01,2089
668,668,0,Auto_vehicle,E01,2090
669,669,0,Auto_vehicle,E01,2092
670,670,0,Auto_vehicle,E01,2092
671,671,0,Auto_vehicle,E01,2092
672,672,0,Auto_vehicle,E01,2094
673,673,0,Auto_vehicle,E01,2096
674,674,0,Auto_vehicle,E01,2101
675,675,0,Auto_vehicle,E01,2101
676,676,0,Auto_vehicle,E01,2107
677,677,0,Auto_vehicle,E01,2108
678,678,0,Auto_vehicle,E01,2113
679,679,0,Auto_vehicle,E01,2117
680,680,0,Auto_vehicle,E01,2121
681,681,0,Auto_vehicle,E01,2124
682,682,0,Auto_vehicle,E01,2140
683,683,0,Auto_vehicle,E01,2142
684,684,0,Auto_vehicle,E01,2143
685,685,0,Auto_vehicle,E01,2147
686,686,0,Auto_vehicle,E01,2151
687,687,0,Auto_vehicle,E01,2156
688,688,0,Auto_vehicle,E01,2161
689,689,0,Auto_vehicle,E01,2169
690,690,0,Auto_vehicle,E01,2175
691,691,0,Auto_vehicle,E01,2176
692,692,0,Auto_vehicle,E01,2186
693,693,0,Auto_vehicle,E01,2190
694,694,0,Auto_vehicle,E01,2192
695,695,0,Auto_vehicle,E01,2193
696,696,0,Auto_vehicle,E01,2194
697,697,0,Auto_vehicle,E01,2194
698,698,0,Auto_vehicle,E01,2206
699,699,0,Auto_vehicle,E01,2214
700,700,0,Auto_vehicle,E01,2216
701,701,0,Auto_vehicle,E01,2229
702,702,0,Auto_vehicle,E01,2234
703,703,0,Auto_vehicle,E01,2234
704,704,0,Auto_vehicle,E01,2234
705,705,0,Auto_vehicle,E01,2236
706,706,0,Auto_vehicle,E01,2236
707,707,0,Auto_vehicle,E01,2238
708,708,0,Auto_vehicle,E01,2240
709,709,0,Auto_vehicle,E01,2244
710,710,0,Auto_vehicle,E01,2255
711,711,0,Auto_vehicle,E01,2255
712,712,0,Auto_vehicle,E01,2256
713,713,0,Auto_vehicle,E01,2259
714,714,0,Auto_vehicle,E01,2263
715,715,0,Auto_vehicle,E01,2263
716,716,0,Auto_vehicle,E01,2264
717,717,0,Auto_vehicle,E01,2266
718,718,0,Auto_vehicle,E01,2266
719,719,0,Auto_vehicle,E01,2276
720,720,0,Auto_vehicle,E01,2281
721,721,0,Auto_vehicle,E01,2289
722,722,0,Auto_vehicle,E01,2292
723,723,0,Auto_vehicle,E01,2297
724,724,0,Auto_vehicle,E01,2297
725,725,0,Auto_vehicle,E01,2297
726,726,0,Auto_vehicle,E01,2298
727,727,0,Auto_vehicle,E01,2307
728,728,0,Auto_vehicle,E01,2321
729,729,0,Auto_vehicle,E01,2325
730,730,0,Auto_vehicle,E01,2325
731,731,0,Auto_vehicle,E01,2327
732,732,0,Auto_vehicle,E01,2327
733,733,0,Auto_vehicle,E01,2327
734,734,0,Auto_vehicle,E01,2338
735,735,0,Auto_vehicle,E01,2338
736,736,0,Auto_vehicle,E01,2339
737,737,0,Auto_vehicle,E01,2342
738,738,0,Auto_vehicle,E01,2344
739,739,0,Auto_vehicle,E01,2344
740,740,0,Auto_vehicle,E01,2355
741,741,0,Auto_vehicle,E01,2355
742,742,0,Auto_vehicle,E01,2355
743,743,0,Auto_vehicle,E01,2377
744,744,0,Auto_vehicle,E01,2378
745,745,0,Auto_vehicle,E01,2378
746,746,0,Auto_vehicle,E01,2385
747,747,0,Auto_vehicle,E01,2387
748,748,0,Auto_vehicle,E01,2387
749,749,0,Auto_vehicle,E01,2391
750,750,0,Auto_vehicle,E01,2392
751,751,0,Auto_vehicle,E01,2401
752,752,0,Auto_vehicle,E01,2405
753,753,0,Auto_vehicle,E01,2406
754,754,0,Auto_vehicle,E01,2411
755,755,0,Auto_vehicle,E01,2420
756,756,0,Auto_vehicle,E01,2420
757,757,0,Auto_vehicle,E01,2421
758,758,0,Auto_vehicle,E01,2427
759,759,0,Auto_vehicle,E01,2435
760,760,0,Auto_vehicle,E01,2435
761,761,0,Auto_vehicle,E01,2439
762,762,0,Auto_vehicle,E01,2439
763,763,0,Auto_vehicle,E01,2440
764,764,0,Auto_vehicle,E01,2440
765,765,0,Auto_vehicle,E01,2440
766,766,0,Auto_vehicle,E01,2443
767,767,0,Auto_vehicle,E01,2450
768,768,0,Auto_vehicle,E01,2454
769,769,0,Auto_vehicle,E01,2454
770,770,0,Auto_vehicle,E01,2455
771,771,0,Auto_vehicle,E01,2467
772,772,0,Auto_vehicle,E01,2467
773,773,0,Auto_vehicle,E01,2467
774,774,0,Auto_vehicle,E01,2468
775,775,0,Auto_vehicle,E01,2472
776,776,0,Auto_vehicle,E01,2489
777,777,0,Auto_vehicle,E01,2497
778,778,0,Auto_vehicle,E01,2497
779,779,0,Auto_vehicle,E01,2506
780,780,0,Auto_vehicle,E01,2506
781,781,0,Auto_vehicle,E01,2506
782,782,0,Auto_vehicle,E01,2506
783,783,0,Auto_vehicle,E01,2507
784,784,0,Auto_vehicle,E01,2508
785,785,0,Auto_vehicle,E01,2509
786,786,0,Auto_vehicle,E01,2514
787,787,0,Auto_vehicle,E01,2519
788,788,0,Auto_vehicle,E01,2520
789,789,0,Auto_vehicle,E01,2521
790,790,0,Auto_vehicle,E01,2523
791,791,0,Auto_vehicle,E01,2523
792,792,0,Auto_vehicle,E01,2523
793,793,0,Auto_vehicle,E01,2524
794,794,0,Auto_vehicle,E01,2526
795,795,0,Auto_vehicle,E01,2526
796,796,0,Auto_vehicle,E01,2526
797,797,0,Auto_vehicle,E01,2526
798,798,0,Auto_vehicle,E01,2535
799,799,0,Auto_vehicle,E01,2537
800,800,0,Auto_vehicle,E01,2546
801,801,0,Auto_vehicle,E01,2550
802,802,0,Auto_vehicle,E01,2551
803,803,0,Auto_vehicle,E01,2555
804,804,0,Auto_vehicle,E01,2559
805,805,0,Auto_vehicle,E01,2561
806,806,0,Auto_vehicle,E01,2563
807,807,0,Auto_vehicle,E01,2565
808,808,0,Auto_vehicle,E01,2567
809,809,0,Auto_vehicle,E01,2571
810,810,0,Auto_vehicle,E01,2572
811,811,0,Auto_vehicle,E01,2577
812,812,0,Auto_vehicle,E01,2582
813,813,0,Auto_vehicle,E01,2590
814,814,0,Auto_vehicle,E01,2590
815,815,0,Auto_vehicle,E01,2592
816,816,0,Auto_vehicle,E01,2593
817,817,0,Auto_vehicle,E01,2593
818,818,0,Auto_vehicle,E01,2594
819,819,0,Auto_vehicle,E01,2594
820,820,0,Auto_vehicle,E01,2594
821,821,0,Auto_vehicle,E01,2594
822,822,0,Auto_vehicle,E01,2596
823,823,0,Auto_vehicle,E01,2597
824,824,0,Auto_vehicle,E01,2597
825,825,0,Auto_vehicle,E01,2597
826,826,0,Auto_vehicle,E01,2599
827,827,0,Auto_vehicle,E01,2604
828,828,0,Auto_vehicle,E01,2604
829,829,0,Auto_vehicle,E01,2604
830,830,0,Auto_vehicle,E01,2604
831,831,0,Auto_vehicle,E01,2605
832,832,0,Auto_vehicle,E01,2612
833,833,0,Auto_vehicle,E01,2616
834,834,0,Auto_vehicle,E01,2616
835,835,0,Auto_vehicle,E01,2628
836,836,0,Auto_vehicle,E01,2645
837,837,0,Auto_vehicle,E01,2648
838,838,0,Auto_vehicle,E01,2655
839,839,0,Auto_vehicle,E01,2658
840,840,0,Auto_vehicle,E01,2660
841,841,0,Auto_vehicle,E01,2666
842,842,0,Auto_vehicle,E01,2676
843,843,0,Auto_vehicle,E01,2683
844,844,0,Auto_vehicle,E01,2684
845,845,0,Auto_vehicle,E01,2687
846,846,0,Auto_vehicle,E01,2690
847,847,0,Auto_vehicle,E01,2696
848,848,0,Auto_vehicle,E01,2698
849,849,0,Auto_vehicle,E01,2717
850,850,0,Auto_vehicle,E01,2719
851,851,0,Auto_vehicle,E01,2720
852,852,0,Auto_vehicle,E01,2720
853,853,0,Auto_vehicle,E01,2724
854,854,0,Auto_vehicle,E01,2726
855,855,0,Auto_vehicle,E01,2730
856,856,0,Auto_vehicle,E01,2749
857,857,0,Auto_vehicle,E01,2750
858,858,0,Auto_vehicle,E01,2751
859,859,0,Auto_vehicle,E01,2760
860,860,0,Auto_vehicle,E01,2781
861,861,0,Auto_vehicle,E01,2782
862,862,0,Auto_vehicle,E01,2786
863,863,0,Auto_vehicle,E01,2788
864,864,0,Auto_vehicle,E01,2789
865,865,0,Auto_vehicle,E01,2794
866,866,0,Auto_vehicle,E01,2795
867,867,0,Auto_vehicle,E01,2796
868,868,0,Auto_vehicle,E01,2799
869,869,0,Auto_vehicle,E01,2801
870,870,0,Auto_vehicle,E01,2810
871,871,0,Auto_vehicle,E01,2810
872,872,0,Auto_vehicle,E01,2813
873,873,0,Auto_vehicle,E01,2813
874,874,0,Auto_vehicle,E01,2813
875,875,0,Auto_vehicle,E01,2813
876,876,0,Auto_vehicle,E01,2813
877,877,0,Auto_vehicle,E01,2816
878,878,0,Auto_vehicle,E01,2818
879,879,0,Auto_vehicle,E01,2818
880,880,0,Auto_vehicle,E01,2826
881,881,0,Auto_vehicle,E01,2828
882,882,0,Auto_vehicle,E01,2828
883,883,0,Auto_vehicle,E01,2833
884,884,0,Auto_vehicle,E01,2833
885,885,0,Auto_vehicle,E01,2835
886,886,0,Auto_vehicle,E01,2838
887,887,0,Auto_vehicle,E01,2841
888,888,0,Auto_vehicle,E01,2850
889,889,0,Auto_vehicle,E01,2861
890,890,0,Auto_vehicle,E01,2864
891,891,0,Auto_vehicle,E01,2867
892,892,0,Auto_vehicle,E01,2873
893,893,0,Auto_vehicle,E01,2874
894,894,0,Auto_vehicle,E01,2879
895,895,0,Auto_vehicle,E01,2883
896,896,0,Auto_vehicle,E01,2888
897,897,0,Auto_vehicle,E01,2898
898,898,0,Auto_vehicle,E01,2898
899,899,0,Auto_vehicle,E01,2900
900,900,0,Auto_vehicle,E01,2905
901,901,0,Auto_vehicle,E01,2905
902,902,0,Auto_vehicle,E01,2921
903,903,0,Auto_vehicle,E01,2925
904,904,0,Auto_vehicle,E01,2928
905,905,0,Auto_vehicle,E01,2929
906,906,0,Auto_vehicle,E01,2931
907,907,0,Auto_vehicle,E01,2936
908,908,0,Auto_vehicle,E01,2937
909,909,0,Auto_vehicle,E01,2941
910,910,0,Auto_vehicle,E01,2944
911,911,0,Auto_vehicle,E01,2945
912,912,0,Auto_vehicle,E01,2948
913,913,0,Auto_vehicle,E01,2948
914,914,0,Auto_vehicle,E01,2950
915,915,0,Auto_vehicle,E01,2951
916,916,0,Auto_vehicle,E01,2951
917,917,0,Auto_vehicle,E01,2960
918,918,0,Auto_vehicle,E01,2965
919,919,0,Auto_vehicle,E01,2977
920,920,0,Auto_vehicle,E01,2978
921,921,0,Auto_vehicle,E01,3002
922,922,0,Auto_vehicle,E01,3008
923,923,0,Auto_vehicle,E01,3017
924,924,0,Auto_vehicle,E01,3019
925,925,0,Auto_vehicle,E01,3019
926,926,0,Auto_vehicle,E01,3024
927,927,0,Auto_vehicle,E01,3031
928,928,0,Auto_vehicle,E01,3033
929,929,0,Auto_vehicle,E01,3039
930,930,0,Auto_vehicle,E01,3043
931,931,0,Auto_vehicle,E01,3053
932,932,0,Auto_vehicle,E01,3057
933,933,0,Auto_vehicle,E01,3065
934,934,0,Auto_vehicle,E01,3065
935,935,0,Auto_vehicle,E01,3066
936,936,0,Auto_vehicle,E01,3067
937,937,0,Auto_vehicle,E01,3069
938,938,0,Auto_vehicle,E01,3071
939,939,0,Auto_vehicle,E01,3077
940,940,0,Auto_vehicle,E01,3078
941,941,0,Auto_vehicle,E01,3080
942,942,0,Auto_vehicle,E01,3082
943,943,0,Auto_vehicle,E01,3085
944,944,0,Auto_vehicle,E01,3088
945,945,0,Auto_vehicle,E01,3089
946,946,0,Auto_vehicle,E01,3094
947,947,0,Auto_vehicle,E01,3097
948,948,0,Auto_vehicle,E01,3109
949,949,0,Auto_vehicle,E01,3109
950,950,0,Auto_vehicle,E01,3112
951,951,0,Auto_vehicle,E01,3113
952,952,0,Auto_vehicle,E01,3113
953,953,0,Auto_vehicle,E01,3113
954,954,0,Auto_vehicle,E01,3119
955,955,0,Auto_vehicle,E01,3123
956,956,0,Auto_vehicle,E01,3129
957,957,0,Auto_vehicle,E01,3130
958,958,0,Auto_vehicle,E01,3131
959,959,0,Auto_vehicle,E01,3131
960,960,0,Auto_vehicle,E01,3131
961,961,0,Auto_vehicle,E01,3133
962,962,0,Auto_vehicle,E01,3134
963,963,0,Auto_vehicle,E01,3134
964,964,0,Auto_vehicle,E01,3135
965,965,0,Auto_vehicle,E01,3137
966,966,0,Auto_vehicle,E01,3137
967,967,0,Auto_vehicle,E01,3137
968,968,0,Auto_vehicle,E01,3142
969,969,0,Auto_vehicle,E01,3142
970,970,0,Auto_vehicle,E01,3143
971,971,0,Auto_vehicle,E01,3144
972,972,0,Auto_vehicle,E01,3144
973,973,0,Auto_vehicle,E01,3158
974,974,0,Auto_vehicle,E01,3161
975,975,0,Auto_vehicle,E01,3162
976,976,0,Auto_vehicle,E01,3163
977,977,0,Auto_vehicle,E01,3164
978,978,0,Auto_vehicle,E01,3164
979,979,0,Auto_vehicle,E01,3170
980,980,0,Auto_vehicle,E01,3173
981,981,0,Auto_vehicle,E01,3190
982,982,0,Auto_vehicle,E01,3191
983,983,0,Auto_vehicle,E01,3195
984,984,0,Auto_vehicle,E01,3195
985,985,0,Auto_vehicle,E01,3196
986,986,0,Auto_vehicle,E01,3198
987,987,0,Auto_vehicle,E01,3199
988,988,0,Auto_vehicle,E01,3201
989,989,0,Auto_vehicle,E01,3201
990,990,0,Auto_vehicle,E01,3207
991,991,0,Auto_vehicle,E01,3207
992,992,0,Auto_vehicle,E01,3210
993,993,0,Auto_vehicle,E01,3213
994,994,0,Auto_vehicle,E01,3216
995,995,0,Auto_vehicle,E01,3219
996,996,0,Auto_vehicle,E01,3234
997,997,0,Auto_vehicle,E01,3234
998,998,0,Auto_vehicle,E01,3240
999,999,0,Auto_vehicle,E01,3248
1000,1000,0,Auto_vehicle,E01,3253
1001,1001,0,Auto_vehicle,E01,3256
1002,1002,0,Auto_vehicle,E01,3263
1003,1003,0,Auto_vehicle,E01,3264
1004,1004,0,Auto_vehicle,E01,3268
1005,1005,0,Auto_vehicle,E01,3274
1006,1006,0,Auto_vehicle,E01,3275
1007,1007,0,Auto_vehicle,E01,3275
1008,1008,0,Auto_vehicle,E01,3280
1009,1009,0,Auto_vehicle,E01,3282
1010,1010,0,Auto_vehicle,E01,3285
1011,1011,0,Auto_vehicle,E01,3286
1012,1012,0,Auto_vehicle,E01,3286
1013,1013,0,Auto_vehicle,E01,3292
1014,1014,0,Auto_vehicle,E01,3296
1015,1015,0,Auto_vehicle,E01,3298
1016,1016,0,Auto_vehicle,E01,3304
1017,1017,0,Auto_vehicle,E01,3305
1018,1018,0,Auto_vehicle,E01,3308
1019,1019,0,Auto_vehicle,E01,3308
1020,1020,0,Auto_vehicle,E01,3313
1021,1021,0,Auto_vehicle,E01,3313
1022,1022,0,Auto_vehicle,E01,3320
1023,1023,0,Auto_vehicle,E01,3322
1024,1024,0,Auto_vehicle,E01,3324
1025,1025,0,Auto_vehicle,E01,3326
1026,1026,0,Auto_vehicle,E01,3328
1027,1027,0,Auto_vehicle,E01,3328
1028,1028,0,Auto_vehicle,E01,3330
1029,1029,0,Auto_vehicle,E01,3336
1030,1030,0,Auto_vehicle,E01,3338
1031,1031,0,Auto_vehicle,E01,3338
1032,1032,0,Auto_vehicle,E01,3339
1033,1033,0,Auto_vehicle,E01,3343
1034,1034,0,Auto_vehicle,E01,3345
1035,1035,0,Auto_vehicle,E01,3352
1036,1036,0,Auto_vehicle,E01,3355
1037,1037,0,Auto_vehicle,E01,3356
1038,1038,0,Auto_vehicle,E01,3361
1039,1039,0,Auto_vehicle,E01,3361
1040,1040,0,Auto_vehicle,E01,3362
1041,1041,0,Auto_vehicle,E01,3363
1042,1042,0,Auto_vehicle,E01,3363
1043,1043,0,Auto_vehicle,E01,3369
1044,1044,0,Auto_vehicle,E01,3377
1045,1045,0,Auto_vehicle,E01,3380
1046,1046,0,Auto_vehicle,E01,3380
1047,1047,0,Auto_vehicle,E01,3384
1048,1048,0,Auto_vehicle,E01,3385
1049,1049,0,Auto_vehicle,E01,3390
1050,1050,0,Auto_vehicle,E01,3390
1051,1051,0,Auto_vehicle,E01,3391
1052,1052,0,Auto_vehicle,E01,3397
1053,1053,0,Auto_vehicle,E01,3402
1054,1054,0,Auto_vehicle,E01,3403
1055,1055,0,Auto_vehicle,E01,3407
1056,1056,0,Auto_vehicle,E01,3410
1057,1057,0,Auto_vehicle,E01,3413
1058,1058,0,Auto_vehicle,E01,3414
1059,1059,0,Auto_vehicle,E01,3416
1060,1060,0,Auto_vehicle,E01,3421
1061,1061,0,Auto_vehicle,E01,3422
1062,1062,0,Auto_vehicle,E01,3427
1063,1063,0,Auto_vehicle,E01,3430
1064,1064,0,Auto_vehicle,E01,3436
1065,1065,0,Auto_vehicle,E01,3437
1066,1066,0,Auto_vehicle,E01,3454
1067,1067,0,Auto_vehicle,E01,3454
1068,1068,0,Auto_vehicle,E01,3457
1069,1069,0,Auto_vehicle,E01,3459
1070,1070,0,Auto_vehicle,E01,3459
1071,1071,0,Auto_vehicle,E01,3466
1072,1072,0,Auto_vehicle,E01,3466
1073,1073,0,Auto_vehicle,E01,3471
1074,1074,0,Auto_vehicle,E01,3478
1075,1075,0,Auto_vehicle,E01,3478
1076,1076,0,Auto_vehicle,E01,3481
1077,1077,0,Auto_vehicle,E01,3481
1078,1078,0,Auto_vehicle,E01,3483
1079,1079,0,Auto_vehicle,E01,3483
1080,1080,0,Auto_vehicle,E01,3488
1081,1081,0,Auto_vehicle,E01,3491
1082,1082,0,Auto_vehicle,E01,3493
1083,1083,0,Auto_vehicle,E01,3499
1084,1084,0,Auto_vehicle,E01,3507
1085,1085,0,Auto_vehicle,E01,3511
1086,1086,0,Auto_vehicle,E01,3511
1087,1087,0,Auto_vehicle,E01,3511
1088,1088,0,Auto_vehicle,E01,3512
1089,1089,0,Auto_vehicle,E01,3513
1090,1090,0,Auto_vehicle,E01,3514
1091,1091,0,Auto_vehicle,E01,3514
1092,1092,0,Auto_vehicle,E01,3515
1093,1093,0,Auto_vehicle,E01,3520
1094,1094,0,Auto_vehicle,E01,3529
1095,1095,0,Auto_vehicle,E01,3529
1096,1096,0,Auto_vehicle,E01,3530
1097,1097,0,Auto_vehicle,E01,3537
1098,1098,0,Auto_vehicle,E01,3537
1099,1099,0,Auto_vehicle,E01,3537
1100,1100,0,Auto_vehicle,E01,3537
1101,1101,0,Auto_vehicle,E01,3537
1102,1102,0,Auto_vehicle,E01,3537
1103,1103,0,Auto_vehicle,E01,3537
1104,1104,0,Auto_vehicle,E01,3540
1105,1105,0,Auto_vehicle,E01,3542
1106,1106,0,Auto_vehicle,E01,3543
1107,1107,0,Auto_vehicle,E01,3547
1108,1108,0,Auto_vehicle,E01,3551
1109,1109,0,Auto_vehicle,E01,3553
1110,1110,0,Auto_vehicle,E01,3558
1111,1111,0,Auto_vehicle,E01,3559
1112,1112,0,Auto_vehicle,E01,3561
1113,1113,0,Auto_vehicle,E01,3564
1114,1114,0,Auto_vehicle,E01,3567
1115,1115,0,Auto_vehicle,E01,3567
1116,1116,0,Auto_vehicle,E01,3569
1117,1117,0,Auto_vehicle,E01,3574
1118,1118,0,Auto_vehicle,E01,3581
1119,1119,0,Auto_vehicle,E01,3581
1120,1120,0,Auto_vehicle,E01,3583
1121,1121,0,Auto_vehicle,E01,3586
1122,1122,0,Auto_vehicle,E01,3588
1123,1123,0,Auto_vehicle,E01,3590
1124,1124,0,Auto_vehicle,E01,3591
1125,1125,0,Auto_vehicle,E01,3594
1126,1126,0,Auto_vehicle,E01,3595
1127,1127,0,Auto_vehicle,E01,3596
